{"type": "FeatureCollection", "features": [{"type": "Feature", "geometry": {"type": "Polygon", "coordinates": [[[-75.08661300043482, 39.447806999905445], [-75.08537599962733, 39.445668999840215], [-75.08534300001538, 39.44561200026686], [-75.08530399965731, 39.44554500019759], [-75.08447000015428, 39.44410399994118], [-75.08285300030352, 39.44464700033634], [-75.08032199968545, 39.44549699996333], [-75.07597900012128, 39.44695599973023], [-75.0730449999954, 39.44681399967974], [-75.07237799999862, 39.44677999973218], [-75.07165999994822, 39.446743999851215], [-75.07118999959494, 39.44672399998635], [-75.06977100011089, 39.44665499968018], [-75.06902100027345, 39.44661899973459], [-75.0673990003998, 39.44654100001987], [-75.06211399958092, 39.4431900000803], [-75.06154399966853, 39.44282700021475], [-75.0585850003266, 39.440946000313915], [-75.05700299973762, 39.43994600003262], [-75.05590700029379, 39.43925200001478], [-75.05460400026237, 39.438426000276046], [-75.05442199978917, 39.438310999901034], [-75.05412899988622, 39.43812500012936], [-75.05385500024983, 39.437951000184206], [-75.05341599985869, 39.4376719999392], [-75.05035000038664, 39.43572800024724], [-75.04047299958323, 39.42946099969052], [-75.04033000036642, 39.4293720003325], [-75.04026300041927, 39.42932800019473], [-75.04021800021341, 39.42929999990331], [-75.03991899956436, 39.429110000206], [-75.03862099955583, 39.428287999760734], [-75.03824999983506, 39.428052000071446], [-75.03757199996764, 39.42762099987871], [-75.03753099995976, 39.427595999948345], [-75.03734199981386, 39.4274739998264], [-75.03393999988285, 39.42531700029012], [-75.03273399993581, 39.42455099978241], [-75.02830699980773, 39.421740000209695], [-75.02774799976599, 39.4213860000761], [-75.02678799986624, 39.42078499973479], [-75.02665599962178, 39.42069199976399], [-75.02429999980421, 39.41919699996296], [-75.02337099986661, 39.4186069996541], [-75.02067699994026, 39.41689700033054], [-75.01970500034496, 39.416280000064205], [-75.01916700021961, 39.41593899996526], [-75.01560299990687, 39.413675000050226], [-75.0128239995917, 39.4119099999562], [-75.01228999966433, 39.41157000011403], [-75.00654100013658, 39.40791899980546], [-74.9988619998653, 39.40304000019359], [-74.9964680004129, 39.401518000082056], [-74.99629799963527, 39.40141099989691], [-74.99139500020445, 39.398295999970586], [-74.99034900009097, 39.39763200005207], [-74.98956499991834, 39.397133000154334], [-74.98492400042832, 39.394183000226825], [-74.975670999964, 39.38829999968592], [-74.97503199955632, 39.38789399979332], [-74.97112099981227, 39.385407000077485], [-74.9711099999416, 39.38540000010844], [-74.96938199976277, 39.384300999729085], [-74.96354199999841, 39.380586999703326], [-74.96278399976504, 39.38010400016354], [-74.96272799968855, 39.38006899973491], [-74.96150099982512, 39.37928800032636], [-74.95906999966448, 39.37774200019425], [-74.95647000034778, 39.37949200013839], [-74.95637200043846, 39.37941299970331], [-74.94923499959218, 39.38438800006958], [-74.94238600042263, 39.388962000064154], [-74.9419550004274, 39.389249999975654], [-74.94184400009932, 39.38932400029128], [-74.94176700010642, 39.38937599999705], [-74.93870199956098, 39.38605600010998], [-74.93865800007836, 39.386069000128145], [-74.93861399969742, 39.38608099966207], [-74.93857799971241, 39.38608599998801], [-74.93852900020693, 39.38608699977544], [-74.9384770003284, 39.386085000200566], [-74.93843200012256, 39.38607800029948], [-74.93837699987095, 39.38606800034045], [-74.93833800041122, 39.38604999999394], [-74.9383020004262, 39.3860320003371], [-74.93826999974084, 39.386010000133105], [-74.93824200015176, 39.385977000161155], [-74.93822500043332, 39.38594199990042], [-74.93820799981657, 39.38589800012296], [-74.93819000027321, 39.38585899996564], [-74.93816599998377, 39.38582500013118], [-74.93814300041755, 39.385799000001576], [-74.93811699957996, 39.385778000210244], [-74.9380980002117, 39.38577299986223], [-74.93807200027246, 39.38577299986223], [-74.93804600033317, 39.38577999979387], [-74.93802399969356, 39.38578999979421], [-74.93795300044674, 39.38582500013118], [-74.93780399958553, 39.3858929997836], [-74.93772999996568, 39.3859310001322], [-74.93770599967623, 39.385951000088184], [-74.93767600043732, 39.38598499986127], [-74.93765899982057, 39.386017000040965], [-74.93765200014788, 39.38605200026414], [-74.93765600034583, 39.38608599998801], [-74.93766700021649, 39.38612599980529], [-74.93766899986632, 39.38613700023703], [-74.93769399998067, 39.38619399985869], [-74.93771499989707, 39.38623400030836], [-74.93773199961551, 39.38625000034301], [-74.9377600001029, 39.38626599967964], [-74.93778199984422, 39.3862760003046], [-74.93781199998145, 39.38628600023386], [-74.9378429999436, 39.38629999999356], [-74.9378589998371, 39.38632100032213], [-74.93786600040812, 39.386334000290915], [-74.93787300008081, 39.386350000302585], [-74.9378799997535, 39.38638600014184], [-74.9378799997535, 39.38639800031557], [-74.9378789999286, 39.38643199987088], [-74.93787300008081, 39.38646099980522], [-74.93786200021016, 39.38647600000598], [-74.93784600031663, 39.38648500012482], [-74.93782600022514, 39.38649100020346], [-74.93778799969199, 39.38649400024256], [-74.93774099983632, 39.38649100020346], [-74.93769599963049, 39.386484000343145], [-74.93766200019361, 39.38647399974794], [-74.93763600025434, 39.38647299996605], [-74.93760699994202, 39.38647399974794], [-74.93756500010923, 39.38648100030357], [-74.93752400010136, 39.38650199988336], [-74.9374999998119, 39.38652099989449], [-74.93748599956821, 39.38653500030131], [-74.9374710003979, 39.38656299971799], [-74.93746300000198, 39.386603999736195], [-74.93745499960608, 39.386653000048106], [-74.93744200008558, 39.386691999761695], [-74.93743000039004, 39.38671999980964], [-74.9374069999255, 39.38675200034662], [-74.93737799961316, 39.386785999729454], [-74.93732200043499, 39.386837000161265], [-74.93721100010691, 39.386915000055254], [-74.93715699968024, 39.38694600003344], [-74.93709999977882, 39.386973999979475], [-74.93702199996102, 39.386999999671374], [-74.93695699966369, 39.38701399998208], [-74.93686999962506, 39.38702200025757], [-74.93679000015743, 39.387031000306045], [-74.93673300025603, 39.38704599968999], [-74.9366679999587, 39.38706900003505], [-74.9365979996385, 39.38710399973062], [-74.93649499970633, 39.38716600019951], [-74.93639299959908, 39.38723099992654], [-74.93632499982702, 39.3872889998134], [-74.93621299967404, 39.38738199990244], [-74.93607299993194, 39.38749400030801], [-74.93603299974896, 39.38752599979581], [-74.93598699971821, 39.387552999742724], [-74.93591899994617, 39.387579999679225], [-74.93588399978604, 39.387595000333704], [-74.93585700002187, 39.38761400004721], [-74.93574200039414, 39.38769399999015], [-74.93569100034053, 39.387732999816215], [-74.93562500021828, 39.38778299979282], [-74.93559400025615, 39.38779900016657], [-74.93557400016465, 39.38780699965776], [-74.93554300020251, 39.387814000079665], [-74.93547399970723, 39.38783199997117], [-74.935415000156, 39.3878329997336], [-74.93535300023173, 39.38782699977034], [-74.9353089998508, 39.38781700006189], [-74.9351969996978, 39.38777999980913], [-74.9350839997199, 39.38773500003816], [-74.93495200037374, 39.38769600021316], [-74.93488600025148, 39.3876799998158], [-74.93481400028148, 39.38767099985103], [-74.93473999976331, 39.38766300034424], [-74.9346750003643, 39.38765099969373], [-74.93462199976253, 39.387638999735465], [-74.9345709997089, 39.38763100022501], [-74.93452300002832, 39.38763100022501], [-74.93447799982249, 39.3876340002151], [-74.93443900036274, 39.38764399994978], [-74.93439900017977, 39.38765200015304], [-74.93437700043846, 39.38765500014223], [-74.93430700011825, 39.38765500014223], [-74.93427699998102, 39.38764999992871], [-74.93425500023973, 39.38764399994978], [-74.93422000007963, 39.38762900000013], [-74.9341830002697, 39.38760700029953], [-74.93414700028468, 39.387579999679225], [-74.93411499959933, 39.38755400020342], [-74.93408100016245, 39.38753799977351], [-74.93406000024605, 39.387530000251466], [-74.93400900019243, 39.387519999806166], [-74.93395200029101, 39.387512000282065], [-74.93393100037463, 39.38751000005377], [-74.93389799986434, 39.38749599984252], [-74.93388500034386, 39.38748800031566], [-74.93386400042748, 39.38746800010593], [-74.9338300000923, 39.387436999665375], [-74.9337880002595, 39.3873909999045], [-74.9337520002745, 39.38736900012887], [-74.93371499956623, 39.38736000012398], [-74.93364900034233, 39.38734200011077], [-74.93359800028868, 39.38732199985919], [-74.93352899979341, 39.38730200029612], [-74.93341499999059, 39.38728700027296], [-74.933323999754, 39.38728299980337], [-74.93324400028636, 39.38729900029176], [-74.93314999967673, 39.38733399987197], [-74.93314100035421, 39.38734200011077], [-74.93308000025483, 39.3873909999045], [-74.93304400026982, 39.38742300013377], [-74.9329940000411, 39.38745499965408], [-74.93293299994174, 39.38747799986434], [-74.93282099978875, 39.387507999825374], [-74.93270600016102, 39.387530000251466], [-74.93266500015315, 39.38753499977929], [-74.93263699966573, 39.38754599998893], [-74.9325859996121, 39.38756999993538], [-74.93252799988578, 39.38762099979422], [-74.93248000020522, 39.38768200003927], [-74.93243599982428, 39.387732999816215], [-74.93236399985426, 39.38777399984132], [-74.93229899955692, 39.38779799970936], [-74.93223499998282, 39.387823999788544], [-74.93216800003567, 39.3878449996585], [-74.93210199991344, 39.38786499976018], [-74.93201800024785, 39.38789500024909], [-74.93195700014847, 39.38792899976936], [-74.9319019998969, 39.387965000182646], [-74.93185599986614, 39.3880099998053], [-74.93180499981251, 39.388072999922514], [-74.93174999956094, 39.388141000161596], [-74.93171699994897, 39.388193000054635], [-74.93170199988036, 39.38821500026472], [-74.93169100000969, 39.38823099984513], [-74.93166500007042, 39.38825600000664], [-74.93163099973526, 39.388282999671155], [-74.93158399987958, 39.38830600030279], [-74.93154100022188, 39.38831899990181], [-74.93144900016036, 39.38834600023618], [-74.93137299999239, 39.388375999824014], [-74.93133299980941, 39.38840099993358], [-74.93127799955784, 39.38843499990159], [-74.93122900005233, 39.388474999761044], [-74.9311770001738, 39.388521000195894], [-74.93114700003656, 39.388544999807024], [-74.93113100014305, 39.38855700030378], [-74.93107900026452, 39.3885929996988], [-74.93099899989858, 39.38863600010904], [-74.93096399973845, 39.388652000287195], [-74.93092600010364, 39.3886699999625], [-74.93086400017935, 39.388703999799446], [-74.93076600027007, 39.38876499979202], [-74.93069400030005, 39.38881900010524], [-74.93050199978111, 39.388915000173114], [-74.93036799988681, 39.38900699973816], [-74.93026800032769, 39.389096999693336], [-74.93014299975592, 39.38921900032668], [-74.93005400006744, 39.38928700014325], [-74.93000899986161, 39.389360999725426], [-74.92992900039398, 39.38944700026705], [-74.92990299955639, 39.38946900008178], [-74.9298599998987, 39.38949399979977], [-74.92982399991368, 39.38950800030439], [-74.92978200008089, 39.38951900020301], [-74.92975600014162, 39.38952799992944], [-74.92971799960846, 39.389541999733034], [-74.92967499995078, 39.38957299993273], [-74.92965200038455, 39.38959999978189], [-74.92963200029305, 39.38963000021916], [-74.92962700027019, 39.38969800032948], [-74.92962600044527, 39.389777000231476], [-74.9296139998514, 39.38980699989838], [-74.92960399980566, 39.38983399965699], [-74.929592999935, 39.38985500031061], [-74.92957799986638, 39.38986199983278], [-74.92954299970629, 39.38986900004853], [-74.92950699972127, 39.38986999978177], [-74.92937799984985, 39.38985600004405], [-74.92933500019214, 39.389846999665636], [-74.92925900002415, 39.38984899982699], [-74.92919299990191, 39.389879000157215], [-74.92909900019059, 39.38993600019368], [-74.929043999939, 39.38997500015527], [-74.92902300002261, 39.38999800022921], [-74.92900399975603, 39.39002700007017], [-74.92898399966454, 39.39007100002131], [-74.92895600007546, 39.390096999947815], [-74.92891400024267, 39.390112999790965], [-74.92887599970952, 39.39012099971117], [-74.9287409999903, 39.3901609999927], [-74.92866399999741, 39.390196999948714], [-74.92860999957072, 39.390227999857466], [-74.92854900036969, 39.39027500025262], [-74.92850099979078, 39.39032799967063], [-74.92844100041464, 39.39040000008608], [-74.92841200010233, 39.390418999730116], [-74.92837000026954, 39.390445999946195], [-74.92828800025376, 39.39048300017394], [-74.9282139997356, 39.39051999968775], [-74.92813099989493, 39.39056199988141], [-74.92804700022936, 39.390608000328996], [-74.9279590003658, 39.39066900004571], [-74.92790800031217, 39.39070400001842], [-74.9278749998019, 39.390726999852056], [-74.92782100027354, 39.390758999940005], [-74.92778600011344, 39.3907810000354], [-74.92775699980112, 39.39080399984366], [-74.92774599993047, 39.39082199965812], [-74.92770699957241, 39.39090200008875], [-74.92767599961027, 39.390949999747725], [-74.92760600018839, 39.391018999676916], [-74.9275790004242, 39.391039999973835], [-74.92754300043919, 39.3910640001071], [-74.92746899992102, 39.39109699975615], [-74.92742600026334, 39.39111899974498], [-74.92740600017183, 39.39112899967446], [-74.92738899955508, 39.39115400018616], [-74.92737000018684, 39.391191000038475], [-74.92736500016396, 39.39121799995583], [-74.92734699972229, 39.391249999818584], [-74.92732099978303, 39.391270000332874], [-74.92728899999597, 39.39128800002711], [-74.92718699988873, 39.39136700021173], [-74.92712699961426, 39.391415000245026], [-74.92710800024601, 39.39144799972812], [-74.92709999985009, 39.39148799994313], [-74.92709499982723, 39.39154900027899], [-74.9270930001774, 39.39156699990126], [-74.92707599956064, 39.39159000014469], [-74.92705899984222, 39.39160499993714], [-74.92704100029886, 39.391614999797014], [-74.92699500026811, 39.39163500020662], [-74.92696599995578, 39.39165900013524], [-74.92694599986432, 39.3916830000556], [-74.926924000123, 39.391737999899746], [-74.92691200042742, 39.39179100028922], [-74.92689399998575, 39.3918310003076], [-74.92687499971919, 39.39185899968203], [-74.92683500043454, 39.39189899966148], [-74.92679100005358, 39.39192699970281], [-74.92673999999998, 39.39194400021837], [-74.92670800021293, 39.391954999732974], [-74.9266499995883, 39.39196199973874], [-74.92659500023503, 39.39196700033747], [-74.92656900029574, 39.391974000342096], [-74.92653099976259, 39.39199699975711], [-74.92650499982334, 39.39201900015637], [-74.92649700032574, 39.39205100034602], [-74.92647800005916, 39.39212800026504], [-74.92647399986122, 39.39214799983334], [-74.92647399986122, 39.39216399990045], [-74.92647600040934, 39.392180999664], [-74.92647600040934, 39.392202000305446], [-74.92647300003628, 39.39221799966591], [-74.92646399981544, 39.39223500011052], [-74.92644799992193, 39.39224299978743], [-74.92643600022636, 39.39224900006522], [-74.92640100006626, 39.39225500034245], [-74.92635699968534, 39.39225800013375], [-74.92633099974607, 39.39225800013375], [-74.92629999978392, 39.392258999832755], [-74.92626899982177, 39.39226599980802], [-74.92619699985177, 39.3923049998558], [-74.92615400019406, 39.39232399967537], [-74.92607800002608, 39.3923599999039], [-74.92600799970589, 39.39240500016348], [-74.92597799956864, 39.392428000130664], [-74.92596099985022, 39.39244299974296], [-74.92595500000242, 39.39245399987314], [-74.92594999997955, 39.392467999783854], [-74.92595099980447, 39.39248500016754], [-74.92595400017751, 39.39249799968227], [-74.92594900015465, 39.39252100031305], [-74.92593499991094, 39.3925420001579], [-74.92590499977372, 39.39256099991293], [-74.92587299998667, 39.39257400010775], [-74.92585700009313, 39.39258500021727], [-74.92584700004738, 39.39259299985406], [-74.92584200002453, 39.39260499965459], [-74.92584899969721, 39.39263000033172], [-74.92585100024536, 39.39264099973818], [-74.92584500039756, 39.39266099985368], [-74.92584100019961, 39.39268199965645], [-74.92583899965146, 39.39269600021566], [-74.92582100010813, 39.39280200019311], [-74.92581600008525, 39.39282700010541], [-74.92580400038969, 39.39283800017505], [-74.92579199979582, 39.39284500009224], [-74.92577599990227, 39.39284799985817], [-74.92576199965858, 39.39284799985817], [-74.92573400006948, 39.39284300001676], [-74.92571099960496, 39.39283600009938], [-74.9256939998865, 39.39283600009938], [-74.92566999959708, 39.39284200032618], [-74.92565500042677, 39.392849999933496], [-74.92563299978715, 39.39287099967932], [-74.92562500028954, 39.39288100005194], [-74.92561699989362, 39.39292199982918], [-74.92559900035027, 39.39296499965435], [-74.92556699966491, 39.39300400000561], [-74.92554300027378, 39.39303599974351], [-74.92549300004507, 39.39308600008567], [-74.9254679999307, 39.39311500003164], [-74.92543600014365, 39.39314399996555], [-74.92540500018151, 39.39316300025088], [-74.92537199967124, 39.39317999977099], [-74.92534400008213, 39.393183999902504], [-74.92530499972409, 39.393183999902504], [-74.92528800000565, 39.393183999902504], [-74.9252210000585, 39.39317600033348], [-74.92519900031718, 39.39317600033348], [-74.92517000000488, 39.393177999705166], [-74.92514599971543, 39.393186999653906], [-74.92512599962394, 39.393196000295674], [-74.92511099955533, 39.39321099974287], [-74.92509899985977, 39.39324300008006], [-74.92509200018706, 39.3932859997074], [-74.9250799995932, 39.393348000237374], [-74.92507700011845, 39.39338899974018], [-74.92507899976827, 39.3934160001954], [-74.92508299996625, 39.39342999991313], [-74.92509399983689, 39.393442000263946], [-74.92511499975328, 39.39346099977388], [-74.925128999997, 39.393486999825654], [-74.92513499984479, 39.39351099981146], [-74.92513700039291, 39.39354200033045], [-74.92513099964683, 39.39355399996782], [-74.9251220003243, 39.39356499992284], [-74.92509899985977, 39.39357300014149], [-74.92501799966891, 39.39358299971926], [-74.92498699970677, 39.393590000255934], [-74.92495099972176, 39.393606999672], [-74.92492499978249, 39.39362300009876], [-74.92490499969101, 39.39364200025365], [-74.92488600032274, 39.39365899965704], [-74.92486100020838, 39.3936799998536], [-74.92484399959163, 39.39369099978876], [-74.92482400039847, 39.393694999890975], [-74.92480699978172, 39.39369699994202], [-74.92477300034484, 39.39369699994202], [-74.92472599959088, 39.39370700019625], [-74.92469800000178, 39.39371800012715], [-74.92467600026048, 39.393735000206256], [-74.92465500034407, 39.39375599968577], [-74.92463299970444, 39.39378599972461], [-74.92462400038191, 39.393815999750494], [-74.92461799963583, 39.393851999903426], [-74.92461199978804, 39.393915999975185], [-74.92460199974231, 39.39394599994523], [-74.92457900017608, 39.393971999816266], [-74.92456599975729, 39.39399000020186], [-74.92454599966581, 39.3940090002568], [-74.92453200032041, 39.394022999855494], [-74.92452200027468, 39.39404599998353], [-74.92451600042689, 39.3940679997367], [-74.92451600042689, 39.394096999968724], [-74.92451600042689, 39.394116999666906], [-74.9245249997494, 39.39413900009191], [-74.92453499979516, 39.394162999853386], [-74.92454400001597, 39.39421300008205], [-74.92454700038903, 39.39425500013541], [-74.92454700038903, 39.39428400028966], [-74.92454300019106, 39.394308999670926], [-74.9245249997494, 39.39442399976381], [-74.92452099955145, 39.39445699990638], [-74.92451300005385, 39.394485000309615], [-74.9245030000081, 39.39450200020183], [-74.92448700011458, 39.394513000007386], [-74.92446399965004, 39.39452199978392], [-74.924439000434, 39.39453300028054], [-74.92441199977151, 39.39454800013446], [-74.92438599983224, 39.39456700003744], [-74.92435700041824, 39.39459800008727], [-74.92434999984722, 39.39461999966637], [-74.92434700037249, 39.394637999884836], [-74.92434499982436, 39.394652999716186], [-74.92434599964926, 39.39467499997217], [-74.92434999984722, 39.39469599986292], [-74.92435800024315, 39.394707000332104], [-74.92439199968001, 39.39476300023249], [-74.92439599987797, 39.394790000155965], [-74.92439199968001, 39.394798999896764], [-74.92438900020528, 39.39481599971247], [-74.92438099980936, 39.394831999861964], [-74.92435800024315, 39.39485800009698], [-74.92433200030388, 39.39488700000063], [-74.92430600036462, 39.39491700024736], [-74.92428999957276, 39.39494800014161], [-74.92428399972498, 39.39497299997913], [-74.92428399972498, 39.39500399984855], [-74.92428500044822, 39.39502699965314], [-74.92428200007515, 39.395062000216576], [-74.92426899965636, 39.39508900002439], [-74.92425100011302, 39.395115000163685], [-74.9242209999758, 39.395143999960446], [-74.9241640000744, 39.39518899981283], [-74.92412800008938, 39.39522000028044], [-74.9240860002566, 39.39524900003361], [-74.92405799976918, 39.395269999751584], [-74.92403799967771, 39.395287999802335], [-74.92402099995925, 39.3953019998386], [-74.92400099986777, 39.39532100023045], [-74.92398499997425, 39.3953399999229], [-74.92397900012647, 39.395357000301004], [-74.9239740001036, 39.39537500032932], [-74.9239740001036, 39.395396999663404], [-74.92397900012647, 39.39541499968139], [-74.92399199964693, 39.395434000042414], [-74.92401199973843, 39.39545899970578], [-74.92402000013435, 39.39548499970718], [-74.92402199978416, 39.395502000049945], [-74.92401900030944, 39.39551800004206], [-74.92400800043877, 39.3955380000271], [-74.92394399996635, 39.39560599993326], [-74.92392399987487, 39.39563999986146], [-74.92391499965403, 39.39565900016125], [-74.92391300000422, 39.39567300012306], [-74.92391499965403, 39.39568799973194], [-74.92392399987487, 39.39569999969436], [-74.92393399992062, 39.39571100000524], [-74.92394800016433, 39.395728000292934], [-74.9239540000121, 39.39575899982682], [-74.9239540000121, 39.39578499971641], [-74.92395099963905, 39.39580900030009], [-74.92392899989775, 39.395839000150346], [-74.92390700015645, 39.395861999679646], [-74.9238839996919, 39.395886000236835], [-74.9238760001943, 39.3958989998121], [-74.92387000034653, 39.395920000028624], [-74.92386899962328, 39.39594199988506], [-74.92387500036939, 39.39596599972051], [-74.92388100021716, 39.39597899997502], [-74.92389999958543, 39.396002000152386], [-74.92391499965403, 39.39603399990365], [-74.9239180000271, 39.396061999674004], [-74.92391999967691, 39.3961000000385], [-74.92391999967691, 39.396123999819594], [-74.92391999967691, 39.39614499996839], [-74.92390600033154, 39.39622699982769], [-74.9238760001943, 39.39628400023188], [-74.92386399960041, 39.39630500033251], [-74.9238410000342, 39.396336000304224], [-74.92380300039937, 39.39637399982531], [-74.92377300026214, 39.396398999845985], [-74.92375499982047, 39.39642599983056], [-74.92374899997269, 39.396444999916234], [-74.92374599959965, 39.396469000272845], [-74.9237430001249, 39.396502999780495], [-74.92373999975186, 39.39654899978213], [-74.92373999975186, 39.39658699988141], [-74.92373999975186, 39.39661700009125], [-74.92376099966826, 39.396733000179665], [-74.92376900006418, 39.39678200032066], [-74.92377499991196, 39.39680500023333], [-74.92377800028501, 39.39683099973304], [-74.92377900010992, 39.39685600028419], [-74.92377900010992, 39.39688800033793], [-74.92377400008704, 39.39692299996771], [-74.92376800023926, 39.396947999791685], [-74.92376800023926, 39.39698500004229], [-74.9237769995618, 39.39705499988115], [-74.92378900015567, 39.39710999965566], [-74.92380400022428, 39.397152000047505], [-74.92381599991984, 39.39718000006329], [-74.92382199976764, 39.39721100034031], [-74.92382099994272, 39.397245999808085], [-74.92381799956966, 39.39728099995239], [-74.92380900024715, 39.397306999968954], [-74.92379599982836, 39.39733299997577], [-74.92371800001055, 39.39746800006909], [-74.92369399972111, 39.39751499975228], [-74.92368500039859, 39.39754199999908], [-74.92368000037571, 39.3975780003119], [-74.9236789996525, 39.39761399991191], [-74.92367199997979, 39.397646000312136], [-74.92366100010913, 39.3976720001926], [-74.92364100001767, 39.39769499981185], [-74.9236159999033, 39.397718000117635], [-74.923586999591, 39.39774999977596], [-74.92356999987256, 39.397789000229075], [-74.92356700039781, 39.39782499972024], [-74.9235659996746, 39.397853999778874], [-74.92356900004764, 39.39788900031237], [-74.92357099969746, 39.39792900030553], [-74.92355399997902, 39.39808199996364], [-74.92354499975819, 39.39813400008411], [-74.92353300006262, 39.39817500024521], [-74.92352399984179, 39.39821500007438], [-74.92350999959808, 39.39824000012953], [-74.92349200005474, 39.398254999880656], [-74.92348100018408, 39.398265000175726], [-74.92345500024481, 39.39827400016237], [-74.92340699966591, 39.39828500006737], [-74.92326799974876, 39.398319999690386], [-74.92321699969513, 39.39833599973042], [-74.92318900010603, 39.39834600001387], [-74.9231580001439, 39.39836700018792], [-74.92313300002955, 39.398390000272194], [-74.92311700013603, 39.39841399995965], [-74.92309700004454, 39.39844700029736], [-74.92307600012813, 39.39847299987928], [-74.92292499961708, 39.39851700005749], [-74.92280099976853, 39.39855499977889], [-74.92275899993572, 39.39857500028157], [-74.92274999971488, 39.398595000084335], [-74.92274800006507, 39.398627000034544], [-74.92277599965416, 39.39866299978738], [-74.92280599979141, 39.39869999982254], [-74.92286000021807, 39.39876100010032], [-74.92289600020308, 39.39880700000138], [-74.92289700002799, 39.39884900006568], [-74.92288100013447, 39.39888700030034], [-74.92286000021807, 39.39890700001365], [-74.92282900025593, 39.39892800001886], [-74.92278300022518, 39.39894500021677], [-74.9227289997985, 39.39896600021054], [-74.92266799969914, 39.39898700019798], [-74.92260199957688, 39.39902200016295], [-74.92255499972123, 39.39906000030342], [-74.92250200001779, 39.39912500005722], [-74.92247299970546, 39.399180000282215], [-74.92245500016212, 39.39923099998511], [-74.92244500011638, 39.39928900030963], [-74.92242300037506, 39.399367000167416], [-74.92241400015425, 39.39939300010061], [-74.9223980002607, 39.39941299966885], [-74.9223630001006, 39.39943999987518], [-74.92230799984902, 39.39946000012411], [-74.92226500019132, 39.399479000077605], [-74.92220999993972, 39.399506999853536], [-74.92216800010694, 39.39954200025177], [-74.92212899974886, 39.39957899982068], [-74.92210399963452, 39.399612000301424], [-74.92207799969526, 39.399650999713565], [-74.92207100002256, 39.39968299987346], [-74.92206199980171, 39.39974500027166], [-74.92207600004542, 39.399796999846615], [-74.92208400044134, 39.399827999654825], [-74.92209100011405, 39.39986499976621], [-74.92209199993896, 39.39990300014161], [-74.922087999741, 39.399942999674074], [-74.92208000024338, 39.39996799980405], [-74.9220669998246, 39.400006999711266], [-74.92206400034986, 39.40003300010008], [-74.92206799964951, 39.400070999689795], [-74.92207100002256, 39.40009800033554], [-74.92208600009118, 39.400127000143435], [-74.92210399963452, 39.40016099995064], [-74.92212100025127, 39.400192999876616], [-74.92213899979463, 39.400219000196095], [-74.92215200021342, 39.400241999669674], [-74.92215499968815, 39.40025699968442], [-74.9221580000612, 39.40028400025823], [-74.92214800001544, 39.40032299998877], [-74.92213499959666, 39.40035299998026], [-74.92210600018265, 39.400391999672216], [-74.92207199984747, 39.40042700032054], [-74.9220319996645, 39.40045999970598], [-74.92199700040271, 39.40049900003228], [-74.92197899996106, 39.400530999803145], [-74.9219749997631, 39.40056599968756], [-74.92197200028835, 39.40059499999499], [-74.92196899991532, 39.400636000097926], [-74.92197200028835, 39.400718999809165], [-74.92196999974021, 39.400738999691384], [-74.92196499971736, 39.40075600014209], [-74.92195600039483, 39.400776000013686], [-74.92194499962585, 39.400795000302885], [-74.92193200010537, 39.40081099977517], [-74.92191399966372, 39.40083300017158], [-74.92190500034121, 39.40085300002111], [-74.92190299979306, 39.40087499971016], [-74.92190799981594, 39.40090500015833], [-74.92192299988456, 39.400936000168336], [-74.92194899982381, 39.400967000164506], [-74.92198599963375, 39.40100499993955], [-74.92201499994607, 39.401042000120704], [-74.92212700009905, 39.401178999814], [-74.92216899993184, 39.40123199997278], [-74.92219499987112, 39.40126799976951], [-74.9222219996353, 39.401293999688285], [-74.9222419997268, 39.401320999860616], [-74.92224799957457, 39.40134300009616], [-74.92224599992474, 39.40138999994513], [-74.92223099985614, 39.40141800034222], [-74.92220699956667, 39.40143999985302], [-74.92212299990109, 39.40150599973214], [-74.92208400044134, 39.40152799990934], [-74.9220380004106, 39.40155199990544], [-74.92194799999892, 39.40159100031527], [-74.92187500020398, 39.401639999820404], [-74.92183199964796, 39.40167900018107], [-74.92180800025683, 39.401714000183595], [-74.92179499983804, 39.401747999911436], [-74.92178899999027, 39.40178299987933], [-74.92178899999027, 39.401817000267634], [-74.921799000036, 39.40184400023757], [-74.92181699957935, 39.40186800012489], [-74.92184900026471, 39.40188899993281], [-74.92189899959511, 39.40192099976013], [-74.92194100032623, 39.401953999827], [-74.9219749997631, 39.40198399981109], [-74.92199800022762, 39.4020210001671], [-74.92202199961875, 39.402074999938534], [-74.9220450000833, 39.40212899966815], [-74.92205799960375, 39.402167000198375], [-74.92207199984747, 39.402219000050145], [-74.92207900041846, 39.402250999726064], [-74.92207900041846, 39.40227899977751], [-74.92207900041846, 39.40230699981771], [-74.92207199984747, 39.402345999805426], [-74.922059000327, 39.4023720000165], [-74.9220450000833, 39.40239800021788], [-74.92201999996892, 39.40242199991458], [-74.92199300020475, 39.40245100014448], [-74.92197099956513, 39.40247900011563], [-74.92195899986955, 39.4025040000308], [-74.92195399984669, 39.40255999991937], [-74.92194399980096, 39.402615000212336], [-74.92194299997604, 39.402660000104284], [-74.92194799999892, 39.40270600021065], [-74.92196100041771, 39.4027419999407], [-74.92198399998394, 39.40279200026768], [-74.92201199957302, 39.40282300013315], [-74.92204099988533, 39.402850999954964], [-74.92206799964951, 39.40288300003506], [-74.92209100011405, 39.40291200007328], [-74.92210100015978, 39.40293399980699], [-74.92211100020552, 39.402968999873885], [-74.92211100020552, 39.40300899973048], [-74.92210299980961, 39.40306300012525], [-74.92210299980961, 39.40308900006899], [-74.92211399968028, 39.40312500029554], [-74.92213399977175, 39.403157999792754], [-74.92216200025916, 39.40319899977733], [-74.92217700032778, 39.40324599976386], [-74.92216499973388, 39.40330900000627], [-74.92213600031988, 39.4033950000139], [-74.92213200012192, 39.4034599998928], [-74.92213899979463, 39.40351699993969], [-74.92213899979463, 39.4035549997137], [-74.92210000033486, 39.40359399969769], [-74.92209299976388, 39.40361899990734], [-74.92211200003044, 39.403650000099304], [-74.92214899984037, 39.40368700026561], [-74.92215899988611, 39.40372300018344], [-74.92213200012192, 39.404049999974525], [-74.92212000042636, 39.40410000005793], [-74.92209100011405, 39.40413599976262], [-74.92207699987034, 39.404154000302114], [-74.92206099997682, 39.40417999983914], [-74.92204699973313, 39.404212000003604], [-74.92200599972523, 39.40430499974743], [-74.9219909996566, 39.404358000307276], [-74.92198700035696, 39.404396000317185], [-74.92198999983171, 39.40442799968836], [-74.9220030002505, 39.40446299969964], [-74.92202099979384, 39.40451000022262], [-74.92203699968736, 39.40454899967254], [-74.9220459999082, 39.40458700027251], [-74.92204099988533, 39.404619999772045], [-74.9220319996645, 39.404648000260686], [-74.92201199957302, 39.404687000327556], [-74.921975999588, 39.40473699995428], [-74.92194399980096, 39.4047710002908], [-74.92190299979306, 39.40479799981125], [-74.92177599957147, 39.40484200016429], [-74.92174700015747, 39.40485200020911], [-74.92173100026393, 39.404872999812646], [-74.92172700006597, 39.40488899973773], [-74.92172700006597, 39.404902999929426], [-74.92172500041616, 39.404924999729225], [-74.92171299982228, 39.40495899997409], [-74.92169799975366, 39.4049779998179], [-74.92167299963931, 39.40501300024723], [-74.92164300040038, 39.40505999970543], [-74.92161400008807, 39.40508999974176], [-74.92158300012593, 39.405113999900365], [-74.92154299994296, 39.40513600032773], [-74.92148000019377, 39.40516200019279], [-74.92124699966695, 39.405260999910745], [-74.921214000055, 39.40527300030871], [-74.92118899994063, 39.40528399980409], [-74.92116300000136, 39.40530399976549], [-74.92112600019145, 39.40532799985045], [-74.92108699983338, 39.40535700026025], [-74.92106099989412, 39.40537400027942], [-74.92102900010707, 39.40538700016883], [-74.92099800014493, 39.40540199977122], [-74.92095799996196, 39.40542100018846], [-74.92085800040283, 39.405482000141276], [-74.92082900009052, 39.40550200004589], [-74.9207999997782, 39.405513999708276], [-74.9207720001891, 39.40552700026571], [-74.92073799985391, 39.405536000009455], [-74.92064099976955, 39.405544999752045], [-74.92053100016469, 39.405536000009455], [-74.92042800023252, 39.40552300014783], [-74.92032399957714, 39.40549799992659], [-74.9202709998737, 39.40549699972323], [-74.9201860003832, 39.40551300019922], [-74.92012399956059, 39.40552099974177], [-74.92000899993288, 39.405552999985], [-74.91992600009218, 39.40558200030124], [-74.91982399998494, 39.405610999911254], [-74.91979600039585, 39.40562099984581], [-74.91963099964109, 39.40567899971551], [-74.9195610002192, 39.40571099988624], [-74.91951000016559, 39.405733000125274], [-74.91946099976178, 39.40574300004233], [-74.91941100043138, 39.405747999653244], [-74.9193219998446, 39.40576100016704], [-74.91929900027839, 39.4057699998806], [-74.91911500015537, 39.40585900022464], [-74.91897799988801, 39.40589899981196], [-74.9188780003289, 39.405922000189015], [-74.91880399981075, 39.405939000070454], [-74.9187569999551, 39.4059449998643], [-74.91870599990146, 39.40595599994776], [-74.91867800031237, 39.40596000004079], [-74.91865900004578, 39.40595899984401], [-74.91864700035023, 39.40595300005137], [-74.91863800012939, 39.4059449998643], [-74.9186020001444, 39.40590999990271], [-74.91857700003001, 39.40589499971547], [-74.91856199996143, 39.405893000014146], [-74.91854900044095, 39.405893000014146], [-74.91851400028085, 39.40590599980681], [-74.91841499964833, 39.40597299982096], [-74.91828499995198, 39.406032999789346], [-74.91820600030927, 39.406085000229226], [-74.91809199960814, 39.40619399987747], [-74.91801100031559, 39.40631100019546], [-74.91797600015549, 39.40639999984907], [-74.91793799962235, 39.406452000015285], [-74.91789400013973, 39.40648600020974], [-74.91783700023832, 39.40650700001537], [-74.91774900037477, 39.40653199987489], [-74.91767300020679, 39.406545000242545], [-74.91760100023677, 39.406550999984255], [-74.91752099987083, 39.40655399985493], [-74.9174410004032, 39.40655799991361], [-74.91736100003726, 39.406574000146215], [-74.91727099962557, 39.40662699967575], [-74.91719899965554, 39.40667100026303], [-74.91710699959404, 39.406704000164666], [-74.91706599958617, 39.406712999756536], [-74.91701100023289, 39.406717999992004], [-74.91694000008778, 39.40671399994245], [-74.91688300018637, 39.40671500012839], [-74.91684600037645, 39.40672700027616], [-74.91680299982042, 39.40674399996138], [-74.91676299963746, 39.406772000291326], [-74.91675900033782, 39.40679300001083], [-74.91676699983542, 39.40682499967038], [-74.91679899962247, 39.40684600006803], [-74.9168150004143, 39.406862000234554], [-74.91682399973682, 39.406885999783334], [-74.91681899971395, 39.40690300012388], [-74.91680399964534, 39.40691100020104], [-74.91676699983542, 39.40691599972826], [-74.91673400022346, 39.40691599972826], [-74.91669499986538, 39.4069150002393], [-74.91662399972029, 39.4069049997962], [-74.9166039996288, 39.40690400030712], [-74.91657699986462, 39.40690599997941], [-74.91654900027552, 39.4069150002393], [-74.91652900018406, 39.40693199987869], [-74.91645999968874, 39.40702100012796], [-74.91643999959727, 39.40704199977248], [-74.91641399965799, 39.40705299968294], [-74.91639699993955, 39.407055000045055], [-74.91638199987096, 39.40705299968294], [-74.91633800038834, 39.407046999984416], [-74.91630099968009, 39.40703399971035], [-74.9162170000145, 39.407003999816176], [-74.91612099975504, 39.40697900012585], [-74.91603200006656, 39.40694800002548], [-74.91595800044675, 39.40693899976984], [-74.91591999991358, 39.40693300006151], [-74.91587999973062, 39.40693999995257], [-74.91585999963912, 39.40696100031552], [-74.9158439997456, 39.407002000146704], [-74.91582899967699, 39.40705200019593], [-74.91581699998143, 39.407107999903126], [-74.91580500028587, 39.4071419997778], [-74.91578500019438, 39.407160999720915], [-74.91576099990495, 39.40717900017371], [-74.91572499991993, 39.40718099983817], [-74.91569999980557, 39.40718099983817], [-74.91565499959971, 39.40716899976852], [-74.91564000042942, 39.407153999852085], [-74.91561899961471, 39.407153999852085], [-74.91557400030717, 39.40716599992432], [-74.91555400021569, 39.40718200001737], [-74.91552400007848, 39.40720899999261], [-74.91551400003272, 39.407227999917524], [-74.91550300016208, 39.407238999798594], [-74.91548899991835, 39.4072490001938], [-74.91545899978114, 39.40725600005309], [-74.91542399962104, 39.40725200003444], [-74.91538400033637, 39.407233000116065], [-74.91535400019916, 39.40720600015012], [-74.91532900008481, 39.407191999726656], [-74.91527800003117, 39.40717900017371], [-74.91525000044207, 39.4071830001966], [-74.9152239996045, 39.407196999927784], [-74.91519000016763, 39.40722399989721], [-74.91515900020549, 39.40726199973364], [-74.91512300022048, 39.40733500020157], [-74.9151049997788, 39.40737100031862], [-74.91506600031906, 39.407406000241046], [-74.9150400003798, 39.407414999742315], [-74.91500299967156, 39.40742900012101], [-74.91494300029542, 39.407437000137826], [-74.9149130001582, 39.407437000137826], [-74.91485299988373, 39.407441000145916], [-74.9148079996779, 39.40745300016875], [-74.91475699962426, 39.407473000202216], [-74.91471499979147, 39.407508000073456], [-74.91463500032383, 39.40755099993091], [-74.91456500000365, 39.407578999936796], [-74.91445899969843, 39.40759899993417], [-74.91431899995635, 39.40761499992787], [-74.9142529998341, 39.40762299992335], [-74.914153000275, 39.4076659997099], [-74.91408799997767, 39.40771300015646], [-74.91404299977182, 39.40775999987726], [-74.91401799965746, 39.40780300027337], [-74.91396699960384, 39.40786899968378], [-74.91391200025058, 39.40793400025143], [-74.91379599989962, 39.40802500025027], [-74.91374200037126, 39.40809299978289], [-74.91372899995247, 39.408104999693535], [-74.91370600038626, 39.40811600013036], [-74.91368999959441, 39.40812400006836], [-74.91366100018041, 39.40812699987136], [-74.9136260000203, 39.408132000005445], [-74.91355599970011, 39.408128000037046], [-74.91353099958575, 39.408135999973666], [-74.9135060003697, 39.40814699971151], [-74.91349499960074, 39.40816600007495], [-74.91349299995092, 39.408181999938556], [-74.91349799997377, 39.40821399965487], [-74.91349499960074, 39.40823400016416], [-74.91347899970721, 39.408259000098596], [-74.91339400021671, 39.40832300013986], [-74.91327299984287, 39.40838599996046], [-74.91318800035239, 39.408425000019136], [-74.91305799975773, 39.408461000267565], [-74.91296800024438, 39.408496000337], [-74.91286699996202, 39.40854300022414], [-74.91279199961896, 39.408586000137426], [-74.91271999964893, 39.40866100022941], [-74.91264000018131, 39.408739000017455], [-74.91261000004407, 39.408770000015735], [-74.912534999701, 39.40882500026986], [-74.9124500002105, 39.40887199993525], [-74.91242000007328, 39.40889200025581], [-74.91233499968446, 39.408919000263054], [-74.91227899960796, 39.408925999954704], [-74.91206500024603, 39.40893899987605], [-74.91197499983436, 39.4089600003311], [-74.91193399982647, 39.40897800031953], [-74.91186799970423, 39.409029999951485], [-74.91182800041958, 39.4090540001423], [-74.91180300030521, 39.409077000172786], [-74.91174800005362, 39.40910099965334], [-74.91169799982491, 39.409105000260006], [-74.91155700025791, 39.409113000084595], [-74.91147699989197, 39.40914100015736], [-74.91142699966326, 39.40918700015336], [-74.91135700024138, 39.40924200007858], [-74.91128199989829, 39.4092850002549], [-74.91112100023983, 39.409387000115174], [-74.91101599975953, 39.40941899997254], [-74.91100300023905, 39.40943199980192], [-74.91099499984314, 39.40945099981522], [-74.91099900004109, 39.40948899982623], [-74.91099200036841, 39.40950799982395], [-74.9109770002998, 39.40951799989371], [-74.91092299987311, 39.40952900010768], [-74.91083900020753, 39.40952500021937], [-74.91080300022251, 39.40952900010768], [-74.91076899988732, 39.409548000094496], [-74.91070899961287, 39.40960700031284], [-74.91054299993152, 39.40969700006748], [-74.91042300028091, 39.40976299976743], [-74.91027900034088, 39.40983199982864], [-74.9100779996011, 39.409931999997326], [-74.90994200005697, 39.41002599988631], [-74.90987000008694, 39.41006400027804], [-74.90979800011694, 39.410133000041384], [-74.90974200004042, 39.41022000009829], [-74.9096550000018, 39.41028899970727], [-74.90959899992531, 39.41033300006606], [-74.90949400034333, 39.41038299980905], [-74.90939800008384, 39.410408999800076], [-74.90932600011384, 39.410459000182634], [-74.90930199982438, 39.41051499993006], [-74.90928699975576, 39.4105900000294], [-74.90927900025817, 39.41070199996285], [-74.90927199968715, 39.4108330000471], [-74.90919200021955, 39.410919999924715], [-74.9090840002645, 39.410993000033415], [-74.90901200029447, 39.41102999977409], [-74.90892400043091, 39.41106800031266], [-74.9088519995626, 39.41109899996958], [-74.90882800017145, 39.41112099989686], [-74.90879200018645, 39.41117400013482], [-74.90877999959257, 39.41122700033255], [-74.90877999959257, 39.411277000128536], [-74.90878499961545, 39.411336000272], [-74.90880100040728, 39.41138900034654], [-74.90882999982128, 39.41145499983306], [-74.90888099987491, 39.41150799981715], [-74.90891100001214, 39.411552000100706], [-74.90890799963908, 39.41158399965855], [-74.90888599989776, 39.41166000011112], [-74.90884900008786, 39.41172299969296], [-74.90881399992776, 39.41180999984814], [-74.90875000035365, 39.411925999654784], [-74.90862999980473, 39.41208200016747], [-74.90857399972825, 39.412134999674954], [-74.90850599995619, 39.41219499989373], [-74.90845300025273, 39.41223299979742], [-74.90841399989466, 39.41225399995444], [-74.90837799990966, 39.41227000026814], [-74.90824599966517, 39.41227999994183], [-74.90817799989313, 39.41229500014366], [-74.90813000021254, 39.41232700005456], [-74.90809400022752, 39.412374000135614], [-74.90809400022752, 39.41239500025016], [-74.90809599987736, 39.41240499990594], [-74.9081059999231, 39.41244200028537], [-74.90813900043338, 39.412515000188655], [-74.9081550003269, 39.41259800033759], [-74.9081550003269, 39.412634999920556], [-74.90814399955792, 39.412701000309724], [-74.90811199977087, 39.41275700033856], [-74.9080640000903, 39.4128159999237], [-74.90798399972437, 39.41288499973983], [-74.90778899973068, 39.413099000133364], [-74.90769300036953, 39.41319199982395], [-74.9076070001558, 39.41327700004461], [-74.90755500027728, 39.413318000326285], [-74.90752199976701, 39.41336400034276], [-74.90752199976701, 39.41339699985308], [-74.90753400036088, 39.41344499999629], [-74.90755100007932, 39.41347200032255], [-74.90756299977488, 39.413534000261045], [-74.90756399959979, 39.413596000144395], [-74.90754699988136, 39.41365300023479], [-74.90747800028439, 39.41375000022064], [-74.90746400004068, 39.413767999666526], [-74.90745599964475, 39.413791000224165], [-74.90745599964475, 39.41381099982776], [-74.90746200039085, 39.4138310001197], [-74.90747400008641, 39.41385700021299], [-74.90751099989636, 39.41389499990483], [-74.90752599996497, 39.41391099984198], [-74.90754600005644, 39.41392300013939], [-74.9075860002394, 39.413953999915016], [-74.90764300014082, 39.41398499967681], [-74.9076830003238, 39.4140160001189], [-74.90770300041528, 39.41404699985313], [-74.90770599989001, 39.414067000077374], [-74.90770599989001, 39.41407800026765], [-74.90768699962345, 39.41412399978269], [-74.90767199955482, 39.414148999687455], [-74.90765800020944, 39.4141699999614], [-74.90765300018656, 39.414191000229025], [-74.90765599966132, 39.41421299987469], [-74.9076620004074, 39.41423099989507], [-74.90768199960057, 39.4142459996772], [-74.9077050000651, 39.414267999999545], [-74.90775000027095, 39.41430400000724], [-74.90783099956349, 39.41437000020451], [-74.907930000196, 39.41445599975787], [-74.90798100024963, 39.41450000026308], [-74.90800100034112, 39.41452399995909], [-74.90800700018889, 39.41455500016146], [-74.90800800001381, 39.41457899983858], [-74.90798500044758, 39.41463699989159], [-74.90797100020389, 39.41466399975624], [-74.9079510001124, 39.414701000324875], [-74.90794299971648, 39.414751999782254], [-74.90795500031037, 39.41479299989054], [-74.90797500040185, 39.414831999835755], [-74.9079920001203, 39.41486099976305], [-74.90799499959502, 39.41488900030361], [-74.90799499959502, 39.4149180002072], [-74.90797000037898, 39.41498299975586], [-74.90794199989156, 39.41501800002159], [-74.90790500008164, 39.41505799990717], [-74.90785599967784, 39.415094000201], [-74.90784200033245, 39.41511400012484], [-74.90784200033245, 39.41513400004299], [-74.9078449998072, 39.415150999760634], [-74.9078599998758, 39.4151690002329], [-74.90790300043183, 39.41519499982721], [-74.90793400039396, 39.41521100015998], [-74.90794799973935, 39.41522200016976], [-74.90796000033323, 39.41523699973862], [-74.90796600018102, 39.41526999975044], [-74.90796600018102, 39.41531399974185], [-74.90796600018102, 39.41533899991391], [-74.90797200002879, 39.4153660002007], [-74.90799799996807, 39.41538499998497], [-74.90802700028038, 39.41540599988661], [-74.90809099985448, 39.415433000147445], [-74.90817200004534, 39.415455000095164], [-74.90823599961944, 39.41549499973006], [-74.90827099977955, 39.41557100008344], [-74.90827699962733, 39.41562499977283], [-74.90827099977955, 39.4156719997126], [-74.90825700043415, 39.41572600001777], [-74.90823499979454, 39.41576300002277], [-74.90817899971802, 39.41581400009123], [-74.90816000034977, 39.41582700011639], [-74.90810199972513, 39.41584200024908], [-74.90799499959502, 39.415851000049535], [-74.90796600018102, 39.415864000067785], [-74.9079369998687, 39.415891000151184], [-74.9079379996936, 39.41591800022418], [-74.9079440004397, 39.41597699991032], [-74.90796700000591, 39.41602699976991], [-74.90799600031825, 39.41604600006804], [-74.9080220002575, 39.416065999718754], [-74.90803700032613, 39.41608500000627], [-74.90804499982372, 39.41610500033981], [-74.90805999989234, 39.41614300019438], [-74.90807699961077, 39.416193999984905], [-74.90806099971726, 39.41625799968283], [-74.90804499982372, 39.41628300021032], [-74.90801800005954, 39.416317999823384], [-74.90800100034112, 39.41636299989492], [-74.90800800001381, 39.41639700011476], [-74.90802999975512, 39.41645199990458], [-74.90805999989234, 39.41648800017252], [-74.90811799961867, 39.41654199984561], [-74.90818799993886, 39.41662199992695], [-74.9082809998253, 39.41675199995013], [-74.9083460001226, 39.416829999708845], [-74.9083799995595, 39.41687800026439], [-74.90839800000114, 39.41694900030255], [-74.90837500043493, 39.417047999941914], [-74.90832900040418, 39.41717899990043], [-74.90831900035843, 39.41727099966591], [-74.9083240003813, 39.417311000340774], [-74.9083379997267, 39.417344000064794], [-74.90835100014549, 39.417363000003974], [-74.90837500043493, 39.417406000029786], [-74.90838299993254, 39.417431000145626], [-74.90839200015337, 39.41748299971931], [-74.90840399984893, 39.417508999838596], [-74.90842800013839, 39.41754899968285], [-74.90845800027559, 39.41757799986791], [-74.9085279996975, 39.41762699993779], [-74.9085770001013, 39.417654000032414], [-74.90862700033, 39.417683000173746], [-74.908655999744, 39.41770300004887], [-74.90867900020855, 39.41772600000222], [-74.90868800042938, 39.41774999997564], [-74.90868800042938, 39.417780000104266], [-74.90868699970613, 39.41779799989765], [-74.90867099981263, 39.41783800027012], [-74.90866499996484, 39.41785600004853], [-74.90865099972113, 39.41789799974478], [-74.90865099972113, 39.41794500023402], [-74.90866400013992, 39.41804899996373], [-74.90868099985836, 39.41814700010088], [-74.90869900030003, 39.418255000304875], [-74.90871699984338, 39.41832699965393], [-74.90873500028503, 39.41837899994721], [-74.90876700007209, 39.41842100002227], [-74.9087960003844, 39.41845499993235], [-74.90885699958545, 39.418496999961675], [-74.9089090003623, 39.41852599975235], [-74.9089500003702, 39.418553000192695], [-74.90896200006576, 39.41857099978648], [-74.90896299989068, 39.41860899968475], [-74.9089500003702, 39.418636000093], [-74.90892199988278, 39.418663999811315], [-74.9088740002022, 39.41870299967287], [-74.90885499993564, 39.41872399996292], [-74.90884300024007, 39.418745000246695], [-74.90884999991276, 39.4188079996721], [-74.90885999995852, 39.41884600013514], [-74.90888500007286, 39.41889500000764], [-74.9089090003623, 39.418917000250815], [-74.90896299989068, 39.41897000011407], [-74.90899700022587, 39.41901499986159], [-74.90901200029447, 39.41909399987244], [-74.9090080000965, 39.41917299979375], [-74.90899899987569, 39.419230000182104], [-74.90904099970848, 39.419409999714446], [-74.909100000158, 39.4196860002228], [-74.90909400031023, 39.41977100015927], [-74.90907699969348, 39.4198260000629], [-74.90905400012726, 39.419876999934786], [-74.90899100037807, 39.4199299997621], [-74.90888400024795, 39.41998700022533], [-74.90878700016357, 39.420055999883715], [-74.90872600006422, 39.42011900020611], [-74.90863800020065, 39.420235000066945], [-74.9085779999262, 39.420321000018596], [-74.90857399972825, 39.42037500019227], [-74.90858799997193, 39.42041499977988], [-74.90859800001769, 39.42045200007193], [-74.90860499969038, 39.42047099985795], [-74.90860700023852, 39.42049400028588], [-74.90860499969038, 39.42050700013219], [-74.90859499964465, 39.42052199995182], [-74.9085570000098, 39.420547000338], [-74.9085279996975, 39.42056600009813], [-74.90849900028348, 39.42058099990506], [-74.908471999621, 39.42061100020322], [-74.90844800022985, 39.420665000152184], [-74.90843599963598, 39.42070400028206], [-74.9084149997196, 39.420796000252956], [-74.90839800000114, 39.42088500015445], [-74.90838399975745, 39.42091299966332], [-74.90837200006187, 39.4209300000536], [-74.90835399962022, 39.42094999969102], [-74.90833500025195, 39.4209739999423], [-74.90830599993963, 39.42100500005227], [-74.90827499997751, 39.42103200022634], [-74.90825099968805, 39.42106200033038], [-74.90822800012182, 39.42110100023813], [-74.90821499970303, 39.42114400003998], [-74.90821700025118, 39.42121999978626], [-74.9082259995737, 39.42126600014026], [-74.90823499979454, 39.42129000028273], [-74.90827199960445, 39.42133199999172], [-74.9083169998103, 39.421369999772715], [-74.90836200001614, 39.42140800022696], [-74.90848699968961, 39.42152499999791], [-74.90853699991833, 39.42162300010571], [-74.9086399998505, 39.42177999970791], [-74.90869400027715, 39.42192600000634], [-74.90871400036863, 39.42198800005957], [-74.9087400003079, 39.422035999839075], [-74.90876700007209, 39.42205699981892], [-74.90879399983626, 39.422067000170614], [-74.9088659998063, 39.42207799979243], [-74.90892500025583, 39.42208099968901], [-74.90904699955627, 39.42208800014111], [-74.90913699996794, 39.4220979997944], [-74.90923599970215, 39.422117999790636], [-74.9093310001367, 39.42214200033367], [-74.90943300024395, 39.42215499987261], [-74.90958700022973, 39.42216300028163], [-74.9096480003291, 39.42215100001476], [-74.9096979996595, 39.42212700016872], [-74.90974299986534, 39.42209699982917], [-74.9097739998275, 39.42206500023919], [-74.90979300009406, 39.42204700015974], [-74.90982700042925, 39.42204700015974], [-74.9098580003914, 39.422057999784776], [-74.90992000031568, 39.422091000037256], [-74.9100270004458, 39.422123000309256], [-74.9101200003322, 39.42219699975431], [-74.91020800019575, 39.42223299983103], [-74.91024699965551, 39.422242000194316], [-74.91028799966338, 39.42224999989934], [-74.91034600028803, 39.42225900026043], [-74.91041800025803, 39.422276000322405], [-74.91048699985501, 39.42230999973997], [-74.91053799990864, 39.42233500017878], [-74.91069600009239, 39.422411000014264], [-74.91072200003165, 39.42242400019692], [-74.91081099972013, 39.42248599980716], [-74.91108199988177, 39.422675000259744], [-74.91117800014123, 39.42274000020881], [-74.9113940000513, 39.422812999737715], [-74.91145599997557, 39.4228350001321], [-74.91170200002287, 39.42292200029893], [-74.91195599956777, 39.42300000009292], [-74.9120419997815, 39.42303199994757], [-74.91227500030831, 39.423110000312334], [-74.91261800044, 39.42320700032395], [-74.91270899977827, 39.423225000103805], [-74.91275200033431, 39.42324199993016], [-74.91281699973332, 39.42327900010938], [-74.91284799969546, 39.42329300007828], [-74.91291399981769, 39.42331199978375], [-74.91293100043444, 39.42332000005996], [-74.91295400000067, 39.42333300007312], [-74.91298099976484, 39.423353999662176], [-74.91304299968911, 39.42340900020817], [-74.91308000039736, 39.42345499981138], [-74.91312200023015, 39.42351999972695], [-74.91314700034451, 39.423560000285434], [-74.91317599975852, 39.42363199970615], [-74.91319199965203, 39.423707000266944], [-74.91322699981212, 39.4238119996674], [-74.91324400042888, 39.42395500005694], [-74.91325500029953, 39.423993999733774], [-74.91326500034528, 39.424021000137806], [-74.91327100019306, 39.42403300008271], [-74.91328100023881, 39.42405100034312], [-74.91331499967568, 39.42409199983954], [-74.91333700031531, 39.42411000008476], [-74.91334999983579, 39.424126999695254], [-74.91335999988154, 39.42414699980313], [-74.91335999988154, 39.42416899977642], [-74.9133449998129, 39.42420299965839], [-74.91332499972144, 39.42423600028311], [-74.91331700022383, 39.42426800026419], [-74.91331499967568, 39.4242979996693], [-74.91331499967568, 39.42432699982208], [-74.91330999965281, 39.42434899973855], [-74.91330299998012, 39.42436999971546], [-74.91329299993438, 39.42439999977053], [-74.91328999956131, 39.42443199967631], [-74.91328700008658, 39.424474000267594], [-74.91328100023881, 39.42450800000077], [-74.91328200006372, 39.42453899992671], [-74.9132879999115, 39.42456799997926], [-74.91330200015521, 39.424606000077695], [-74.91330700017808, 39.4246279999061], [-74.91330600035317, 39.424646999941544], [-74.91330100033029, 39.424668999757], [-74.91328000041389, 39.42468400006873], [-74.91325500029953, 39.42470599987251], [-74.913231999835, 39.42472599981427], [-74.91321199974354, 39.4247500001531], [-74.91320199969776, 39.42476599968053], [-74.91319400020018, 39.424789000078974], [-74.91318499997934, 39.4248550000639], [-74.9131749999336, 39.424877999739095], [-74.91314700034451, 39.42492000006159], [-74.91310100031374, 39.42496400020712], [-74.91303799966624, 39.42501800025309], [-74.91299800038159, 39.4250699997181], [-74.91296200039658, 39.42511600030677], [-74.91289799992416, 39.42520099986643], [-74.91283699982479, 39.425269999914406], [-74.91281199971044, 39.425297999743414], [-74.91279300034218, 39.42533199976852], [-74.91278699959608, 39.42538299977501], [-74.91278699959608, 39.42541699975864], [-74.91279599981692, 39.425454000170944], [-74.9128100000606, 39.42549999981224], [-74.91281799955821, 39.42554099984406], [-74.91281900028144, 39.42558099993646], [-74.91281099988552, 39.42560200023599], [-74.91279300034218, 39.425636000112725], [-74.91279099979404, 39.42565800030988], [-74.91279099979404, 39.425678999892305], [-74.91280400021283, 39.42569900024875], [-74.91282400030431, 39.42571700007886], [-74.91284000019785, 39.42574800016094], [-74.91284900041867, 39.425794000302034], [-74.91284900041867, 39.42581300001959], [-74.91284000019785, 39.42583699998412], [-74.91283199980192, 39.425857000295224], [-74.91281699973332, 39.4258810002446], [-74.91281199971044, 39.425899999938444], [-74.91281400025856, 39.42593000002882], [-74.91281900028144, 39.4259440001591], [-74.91282699977906, 39.42595800028657], [-74.91284000019785, 39.42598599983915], [-74.91284000019785, 39.425999000048876], [-74.91283000015211, 39.42604200029839], [-74.91281500008348, 39.42609800001871], [-74.91280000001487, 39.4261490001586], [-74.91280000001487, 39.42617700032835], [-74.91281099988552, 39.426214000337154], [-74.91284000019785, 39.42625799966564], [-74.91287100015998, 39.42627899976116], [-74.91289700009926, 39.42629500032533], [-74.91292999971122, 39.426313000001564], [-74.91294499977982, 39.42633499998495], [-74.91294700032797, 39.42636599979211], [-74.9129420003051, 39.42637999983479], [-74.9129289998863, 39.426392000067416], [-74.91290899979481, 39.42640999971859], [-74.91289999957398, 39.42642299984922], [-74.91288500040368, 39.426461000324], [-74.91288299985555, 39.42647600025001], [-74.91288899970333, 39.42649499978164], [-74.91290299994704, 39.42651699970763], [-74.91291200016788, 39.426539000320524], [-74.91291399981769, 39.426568000234724], [-74.91289799992416, 39.42667499998117], [-74.91287799983267, 39.426711999725555], [-74.91285199989342, 39.42673500017564], [-74.91280300038794, 39.42678699974731], [-74.91279099979404, 39.42680699978576], [-74.91278699959608, 39.42696500009569], [-74.9127819995732, 39.42703800005637], [-74.91276499985477, 39.42710300009967], [-74.91274999978617, 39.42713299967216], [-74.91272600039503, 39.42718100007151], [-74.91268799986187, 39.427239999938884], [-74.91263699980827, 39.42729799986562], [-74.91249200004331, 39.427435999904], [-74.91246899957876, 39.427493999667625], [-74.9124560000583, 39.42753800026962], [-74.91245100003542, 39.42756799965485], [-74.91243799961661, 39.42763899990628], [-74.9124209998982, 39.42770699973724], [-74.91238400008827, 39.42779099972253], [-74.91229100020186, 39.427944999663815], [-74.91228700000387, 39.427975000261604], [-74.91228700000387, 39.42800699991356], [-74.91228700000387, 39.428046000098355], [-74.91228700000387, 39.42809200011034], [-74.91228700000387, 39.42813999984911], [-74.91228500035406, 39.42816500027819], [-74.9122800003312, 39.42818499992111], [-74.91227299976019, 39.428210000334055], [-74.91225500021685, 39.428231999718605], [-74.91222000005672, 39.42825200003618], [-74.91211399975153, 39.42826300006962], [-74.9120769999416, 39.42827199965417], [-74.91202400023816, 39.428291999960265], [-74.91197999985724, 39.42831599976488], [-74.91194499969711, 39.42834200000651], [-74.91192499960563, 39.42837400018383], [-74.91191200008517, 39.428408999970635], [-74.9119000003896, 39.42844700005626], [-74.91188299977284, 39.42848900030943], [-74.91185199981071, 39.428552999820454], [-74.91181900019873, 39.42861899970999], [-74.91178599968846, 39.428697999937164], [-74.91175100042668, 39.42877600020528], [-74.91173399980993, 39.428841000015126], [-74.91172899978706, 39.428887000196184], [-74.91173200016011, 39.42899399985123], [-74.91172799996215, 39.42908599998093], [-74.91172299993927, 39.42914700004527], [-74.91171700009149, 39.42918800001297], [-74.91170000037306, 39.42921700021249], [-74.91161400015932, 39.42931099977136], [-74.91157499980127, 39.42937099977777], [-74.9114989996333, 39.42953799993994], [-74.91146900039436, 39.42959900030242], [-74.91135100039361, 39.429783000230564], [-74.91124400026348, 39.42994599999484], [-74.9111339997603, 39.4300980003296], [-74.91098800017045, 39.43028800010835], [-74.91091100017753, 39.430365000137755], [-74.9108450000553, 39.4304140002383], [-74.91075600036685, 39.430460000074746], [-74.91064199966571, 39.430503000346945], [-74.91052799986291, 39.430570000314766], [-74.91043400015158, 39.430638000060895], [-74.91038300009795, 39.43068899965345], [-74.91036600037951, 39.43071600023896], [-74.91036600037951, 39.43073900006132], [-74.91037399987711, 39.430762999716976], [-74.9104080002123, 39.430836999701924], [-74.91041300023518, 39.43088100027454], [-74.91040999986211, 39.43091499965721], [-74.91034600028803, 39.43101100006944], [-74.91028400036375, 39.431045999919384], [-74.91017600040873, 39.43108799999367], [-74.91014000042371, 39.43109500023488], [-74.91008699982194, 39.43110300031142], [-74.91002599972256, 39.431096000071065], [-74.9099710003693, 39.43108300011835], [-74.90992699998836, 39.43108200028199], [-74.90988599998049, 39.431080999751806], [-74.90985099982038, 39.43108799999367], [-74.90982499988111, 39.431096999907176], [-74.90981800020842, 39.43111399989483], [-74.90978499969815, 39.43116700019699], [-74.90977300000259, 39.431181999803876], [-74.90973100016978, 39.4313260001677], [-74.90970500023052, 39.43139099968033], [-74.9096340000854, 39.431662999918615], [-74.90959300007752, 39.431862999926516], [-74.90943999991664, 39.43227900018553], [-74.90934500038041, 39.43240399967302], [-74.90916700010516, 39.43262700022216], [-74.90910799965563, 39.43269899998878], [-74.90904999992931, 39.432765000114244], [-74.90885599976056, 39.4330449996989], [-74.90876500042226, 39.43318700006924], [-74.90876299987413, 39.433229000240594], [-74.90877899976765, 39.433294000059355], [-74.9088170003008, 39.43338099965785], [-74.90882700034655, 39.43347400004158], [-74.90882200032367, 39.43362899971147], [-74.90881599957758, 39.43375100015805], [-74.9087899996383, 39.43381000001304], [-74.90871900039151, 39.43387700026993], [-74.90863099962965, 39.43400300015392], [-74.90862200030713, 39.43404300024563], [-74.90862599960678, 39.434070000225205], [-74.9086280001549, 39.434088999767674], [-74.9086280001549, 39.43411199986424], [-74.90861800010917, 39.43413700023205], [-74.90859700019277, 39.43417700024681], [-74.90850900032923, 39.43426599971165], [-74.90847099979608, 39.43430199979814], [-74.90846199957524, 39.43434199971818], [-74.90847900019199, 39.43436600021425], [-74.90851199980396, 39.434396000128885], [-74.90853799974323, 39.43442099970093], [-74.90856200003267, 39.43445100028571], [-74.9085700004286, 39.43448800006405], [-74.90852600004766, 39.434760000006534], [-74.90853899956815, 39.4349130000278], [-74.90856600023064, 39.43505500005983], [-74.90860800006344, 39.43516299973402], [-74.9086280001549, 39.43523200032479], [-74.9086340000027, 39.435314000012895], [-74.90861700028427, 39.43538199998564], [-74.90856600023064, 39.43557599970631], [-74.90853699991833, 39.435758000269175], [-74.90853899956815, 39.435879999762754], [-74.90857399972825, 39.43605300025926], [-74.9085989998426, 39.436168000199224], [-74.9086120002614, 39.4362410002315], [-74.90861100043648, 39.43634000021961], [-74.90856500040572, 39.43648400032963], [-74.90855299981183, 39.436531000079476], [-74.90850500013127, 39.43663400006987], [-74.90845800027559, 39.43671100002381], [-74.90840600039706, 39.43679000009539], [-74.90837799990966, 39.436835999885005], [-74.90830699976455, 39.43691799976646], [-74.90827099977955, 39.436964999917244], [-74.90819600033477, 39.43701599973505], [-74.90808400018179, 39.43709200021049], [-74.9079920001203, 39.43720699982281], [-74.90789000001303, 39.43734399991559], [-74.90783200028672, 39.43742000003312], [-74.9077800004082, 39.437504000103125], [-74.90775000027095, 39.43758399971222], [-74.90759399973702, 39.43780800007143], [-74.9075069996984, 39.43796900031835], [-74.90749699965264, 39.43798300011106], [-74.90739299989556, 39.43811900032983], [-74.90737199997918, 39.43814699985221], [-74.9070570003349, 39.43849199983245], [-74.90687700040985, 39.438649000281245], [-74.90664100040829, 39.43877900015088], [-74.90654599997374, 39.43881799985637], [-74.9064510004375, 39.438908999777894], [-74.90638399959204, 39.4389580001134], [-74.9061200000014, 39.43916200026168], [-74.90604600038155, 39.4392690000938], [-74.90597100003848, 39.439419000081], [-74.90593599987837, 39.43947500015068], [-74.90587800015204, 39.43955800010915], [-74.90578000024277, 39.4396760003396], [-74.90566700026487, 39.43982199991301], [-74.9055440002412, 39.43994600003262], [-74.90535400027042, 39.44006999993148], [-74.90517400034537, 39.44016699992232], [-74.90507600043605, 39.44025800016279], [-74.90503700007801, 39.44035099969104], [-74.90498799967419, 39.44048000015155], [-74.9049659999329, 39.440545999842975], [-74.90490499983353, 39.440670000061225], [-74.90475400022079, 39.440892000124315], [-74.90469700031939, 39.440956000036145], [-74.90462699999918, 39.441019000195354], [-74.90448300005913, 39.44113200018407], [-74.90416199966877, 39.441289000232445], [-74.90390899994878, 39.441425000240194], [-74.90388999968222, 39.44143600027509], [-74.90374300026744, 39.44152300011172], [-74.90354099970274, 39.441655999915056], [-74.90346399970986, 39.44171200026746], [-74.90335599975482, 39.44181900034478], [-74.90330100040154, 39.44188300009853], [-74.90323299973119, 39.44193599983926], [-74.90306100020204, 39.44204500031801], [-74.90298900023203, 39.44208099985317], [-74.90295599972174, 39.44210600013602], [-74.90288999959951, 39.44217700014118], [-74.9028469999418, 39.442216999701834], [-74.90281400032984, 39.44224699970413], [-74.9027559997052, 39.44228299982858], [-74.90267600023756, 39.44230899971417], [-74.90242000014453, 39.442414000220694], [-74.90222699980069, 39.44249900018448], [-74.90212600041666, 39.44255899993321], [-74.9021010003023, 39.44257500022748], [-74.90193600044587, 39.442664000062834], [-74.90180199965326, 39.44274699968988], [-74.90163299959885, 39.44283800002822], [-74.9015020000776, 39.44293699965901], [-74.90143699978027, 39.44298999998517], [-74.90138599972664, 39.44303300015467], [-74.9013050004341, 39.44312099974123], [-74.90109000034894, 39.4433920003079], [-74.9009329999901, 39.44360199997838], [-74.90072200010292, 39.44380700005346], [-74.90041499995625, 39.444141000142125], [-74.90031399967393, 39.44426500020351], [-74.900164999711, 39.444424999755036], [-74.90005099990817, 39.44455400030081], [-74.899947999976, 39.4446849998899], [-74.89984599986877, 39.444827999758445], [-74.89977300007384, 39.444917000183274], [-74.89963099978362, 39.44510000025515], [-74.89952600020163, 39.4452509998045], [-74.89946599992717, 39.445369999733245], [-74.89941900007152, 39.4454760001106], [-74.89941300022373, 39.44551999976178], [-74.89941099967558, 39.445534999746855], [-74.89940700037593, 39.445562000128085], [-74.89940800020085, 39.44559299970501], [-74.89941400004865, 39.445648999666616], [-74.89943099976708, 39.44575799988392], [-74.89942999994216, 39.445958999977336], [-74.89944300036095, 39.446145999953984], [-74.89944099981281, 39.446215000070794], [-74.89943099976708, 39.446275000086644], [-74.89939899998002, 39.446324999713504], [-74.89929799969768, 39.44646500014261], [-74.89918700026791, 39.446555999785026], [-74.8991150002979, 39.446602999675704], [-74.89907400029001, 39.4466360000966], [-74.899038000305, 39.4466720000334], [-74.89901599966538, 39.44670299980993], [-74.89899800012202, 39.44673400026635], [-74.89894500041858, 39.446843999782914], [-74.89890799971035, 39.446967999887285], [-74.8988779995731, 39.44705499975043], [-74.89884699961097, 39.44710599981099], [-74.8988199998468, 39.44714600000919], [-74.89877200016622, 39.447267999674054], [-74.89862400002822, 39.44752000002228], [-74.89856799995171, 39.44758499968613], [-74.8983980000724, 39.44778299987833], [-74.89836299991231, 39.44781599974003], [-74.89830299963783, 39.447846999700985], [-74.89822399999514, 39.44789200022389], [-74.89818999965993, 39.44792199986263], [-74.89812899956058, 39.44800399987297], [-74.89812199988789, 39.448017000136446], [-74.8981160000401, 39.44804299996241], [-74.89809599994861, 39.44812999986982], [-74.89808599990288, 39.448209000169975], [-74.89808400025305, 39.448282999658595], [-74.89807699968203, 39.44845599987168], [-74.89807699968203, 39.44857400028776], [-74.89807300038238, 39.448874000092296], [-74.89802099960555, 39.4490650002656], [-74.8979970002144, 39.449203000195574], [-74.89797399974987, 39.44929399972828], [-74.89794000031301, 39.449413999951744], [-74.89791699984848, 39.44952099998814], [-74.8979050001529, 39.449648999848066], [-74.89787400019077, 39.44978000025774], [-74.89782200031223, 39.44992900023877], [-74.89778100030433, 39.44999900033391], [-74.89771699983193, 39.4501010002673], [-74.89763999983904, 39.4502300000099], [-74.89759399980828, 39.45029699973352], [-74.89752600003622, 39.45037599965608], [-74.89745800026417, 39.45050599983407], [-74.89737399970025, 39.45061800013424], [-74.89731400032412, 39.450755999760936], [-74.89726900011827, 39.45087999983557], [-74.89724300017902, 39.45097700003088], [-74.897207000194, 39.45114600021282], [-74.89719899979808, 39.45117599983696], [-74.89715299976731, 39.45136200013142], [-74.89711099993453, 39.451532000309], [-74.89709800041406, 39.45161400022999], [-74.89704200033756, 39.45186900011138], [-74.89700800000236, 39.45200700003315], [-74.89684599962065, 39.45256100020285], [-74.89678799989434, 39.45266400007143], [-74.90346899973272, 39.457369999905666], [-74.90421899957018, 39.45789900024851], [-74.91051100014447, 39.462331999736], [-74.91079099962862, 39.46252900021716], [-74.91089799975875, 39.46260499989818], [-74.9110209997824, 39.46269200033457], [-74.91112500043779, 39.46276500030591], [-74.91120400008052, 39.46282000025274], [-74.91621399964146, 39.46634800025583], [-74.91756600007666, 39.4673040002994], [-74.9213279998578, 39.46995400024154], [-74.92161400008807, 39.47015699976389], [-74.9217780001196, 39.47027200024847], [-74.92272299995071, 39.470937000227714], [-74.92734599989738, 39.47418399983714], [-74.92880600028764, 39.475223000135024], [-74.93292500044414, 39.47812499989658], [-74.93639699979704, 39.4805719998024], [-74.93843499959729, 39.48200700006553], [-74.94365500011884, 39.48568899974155], [-74.94385500013537, 39.48582699985623], [-74.94407600006832, 39.485982999897296], [-74.9447659996313, 39.48646800034062], [-74.94959600016553, 39.48986699967607], [-74.94968099965602, 39.48992700019362], [-74.94974000010556, 39.489967999731846], [-74.95131799959827, 39.4910949999084], [-74.96070499995692, 39.497693999758944], [-74.96335700005048, 39.49955700000679], [-74.96513399973482, 39.50080199989779], [-74.96726100012182, 39.502298999902656], [-74.97080199997004, 39.50478999991558], [-74.9718289998169, 39.50551600017182], [-74.97211000002432, 39.50571100004826], [-74.97433600014553, 39.50727999992198], [-74.97821400027762, 39.50999699991815], [-74.9795519995708, 39.51093899985374], [-74.98262100031423, 39.51310300004973], [-74.98527099985964, 39.51496700029103], [-74.98984799977556, 39.51818399965395], [-74.99081799972105, 39.51886500030553], [-74.99563700038459, 39.52225399974402], [-74.99714799993016, 39.523311999761574], [-74.99802800036225, 39.523931999923505], [-74.99810000033229, 39.52398099998642], [-74.99884699979668, 39.52450699995466], [-74.99977999993224, 39.52516300004944], [-75.00026600017904, 39.52550400018803], [-75.00049200013486, 39.525663000159796], [-75.00087399972628, 39.52592900008732], [-75.00131099956927, 39.526239000264475], [-75.00209599956683, 39.52679000010486], [-75.00241399958415, 39.527010999970514], [-75.00389200041606, 39.528054000061296], [-75.0075849997019, 39.53064900017135], [-75.0077189995962, 39.530740999661994], [-75.01014899993191, 39.532444999998496], [-75.01406200022411, 39.5352030000932], [-75.01747900022373, 39.53760299985302], [-75.01867900032298, 39.53844100034238], [-75.01997399995848, 39.5393550000418], [-75.0229409996963, 39.54143599997121], [-75.0231730003982, 39.54159599980749], [-75.02577299971493, 39.54342499997339], [-75.02806699960823, 39.545039000031146], [-75.03023599982804, 39.54656400015337], [-75.0344229997566, 39.54949799992638], [-75.034739999949, 39.549722000169695], [-75.03872000018835, 39.55251700021988], [-75.03908199968829, 39.552757000300254], [-75.0421530000815, 39.55492500006299], [-75.04227500028024, 39.55500400027295], [-75.04254499971866, 39.55519800029274], [-75.04364699990862, 39.55597399979479], [-75.0486430001242, 39.559489000103426], [-75.05009299957038, 39.56049900003901], [-75.05086699969728, 39.56102100013759], [-75.05332399979719, 39.56276200027616], [-75.05481900034752, 39.56381099990857], [-75.05559599994915, 39.56435499998581], [-75.05599000013444, 39.564631999783174], [-75.05608200019596, 39.564699000093015], [-75.05613800027247, 39.564736999847185], [-75.05617199970932, 39.5647609996812], [-75.0571419996548, 39.565438999870565], [-75.05983599958117, 39.56732899971461], [-75.06053799973805, 39.567827000190825], [-75.06185400018823, 39.568746000274], [-75.06186699970871, 39.56870799994685], [-75.06188699980021, 39.568612999730306], [-75.061892999648, 39.5685850000936], [-75.06189699984596, 39.568562000136225], [-75.06190699989169, 39.56851299968979], [-75.06191899958726, 39.56845099999387], [-75.06192799980809, 39.56840899974393], [-75.06193799985382, 39.56837299980621], [-75.06196799999107, 39.568267999708084], [-75.06197399983884, 39.568246000280666], [-75.06203699958803, 39.56801899976951], [-75.06206500007544, 39.567924999941226], [-75.06214000041851, 39.56779099995097], [-75.06215200011408, 39.56777300017024], [-75.06216700018268, 39.56775299979288], [-75.06222599973393, 39.567673000303195], [-75.06225000002335, 39.567639999837645], [-75.06231000029783, 39.56756100017013], [-75.06240499983406, 39.56745199971849], [-75.06244900021501, 39.567400999962956], [-75.06246699975834, 39.56738300008098], [-75.06250000026861, 39.56734900021427], [-75.06252000036011, 39.56730699998931], [-75.06253200005567, 39.56726399978209], [-75.06253600025363, 39.56721799967584], [-75.06253999955328, 39.56717700002211], [-75.06253500042872, 39.56711599978304], [-75.06253700007855, 39.56706499978033], [-75.06253899972837, 39.56704100005123], [-75.06254799994919, 39.567017000313825], [-75.06259200033013, 39.56695400001144], [-75.06260900004855, 39.566919999934385], [-75.06267199979774, 39.56678999993414], [-75.06272299985139, 39.56667399989856], [-75.06275499963844, 39.56663799975255], [-75.06280700041528, 39.566599999655125], [-75.0628850002331, 39.566551999866725], [-75.06291299982217, 39.56653399976436], [-75.06295300000515, 39.566508999883816], [-75.0629849997922, 39.56647600024921], [-75.06301099973147, 39.56643600012551], [-75.063026999625, 39.56640299976371], [-75.06303400019601, 39.56635799974866], [-75.0630350000209, 39.566333999774855], [-75.06304500006665, 39.5660710001813], [-75.06306400033323, 39.565946999829464], [-75.06308299970149, 39.56589900028156], [-75.06310799981584, 39.56586900028753], [-75.06314700017391, 39.565835999655874], [-75.06321199957291, 39.56579499987752], [-75.06326000015181, 39.565745000266986], [-75.0632860000911, 39.56570699968013], [-75.06329500031191, 39.56566199990593], [-75.06328799974091, 39.56560399966141], [-75.06327500022043, 39.565553999913156], [-75.06327500022043, 39.56549300032381], [-75.06329000028904, 39.565439999853695], [-75.06332600027406, 39.565396999873734], [-75.06337399995463, 39.56537200027575], [-75.06342599983317, 39.565345999991756], [-75.06351100022198, 39.56531199981877], [-75.06355499970459, 39.56529900001299], [-75.06359200041284, 39.56528100027789], [-75.0636259998497, 39.565258999902824], [-75.06367000023064, 39.5652259996734], [-75.06374300002557, 39.56516899974372], [-75.0637580000942, 39.56515499992392], [-75.06382000001847, 39.56510199988803], [-75.06389000033866, 39.565053999755214], [-75.0639220001257, 39.565039999912194], [-75.06395800011072, 39.56502700005544], [-75.06399499992065, 39.56501800015314], [-75.06404900034732, 39.565010000239056], [-75.06409899967773, 39.56500300031349], [-75.06413700021086, 39.564991999736456], [-75.06416899999792, 39.56497699989114], [-75.06420300033312, 39.56495400012202], [-75.06424699981572, 39.564921999738], [-75.06433899987724, 39.56484499972735], [-75.06435800014381, 39.56483099984218], [-75.06441500004523, 39.564784000206856], [-75.0644490003804, 39.56474799977214], [-75.06446500027393, 39.56472399993363], [-75.0644700002968, 39.56470300006813], [-75.06446799974867, 39.56468600017233], [-75.06446000025106, 39.564663000306695], [-75.06444799965718, 39.56464299972477], [-75.06438900010595, 39.56456200011388], [-75.06437599968716, 39.56453500022254], [-75.06437099966428, 39.56451000031379], [-75.06437200038752, 39.56448599970038], [-75.06438300025818, 39.56446299976837], [-75.06439599977865, 39.56444999980344], [-75.06442900028892, 39.564432999845664], [-75.06451399977941, 39.56440499990606], [-75.06456499983304, 39.5643829999456], [-75.06459300032046, 39.56436599997135], [-75.06461199968872, 39.56434299999958], [-75.06461900025971, 39.56432500001633], [-75.06462299955936, 39.56430000003188], [-75.0646180004348, 39.5642750000384], [-75.06461000003888, 39.56424000003241], [-75.0645830002747, 39.56419700000083], [-75.06450899975655, 39.564092999814264], [-75.06446400044902, 39.56400500022707], [-75.064456999878, 39.56397600011047], [-75.06445900042615, 39.563939999948765], [-75.06445400040327, 39.56391899984586], [-75.0644560000531, 39.56387400029639], [-75.06446600009883, 39.56384600013107], [-75.06448700001523, 39.563818999960965], [-75.06451299995452, 39.56379499980094], [-75.06456300018323, 39.563748000156046], [-75.06462000008464, 39.56368200032094], [-75.06465000022186, 39.563633999897704], [-75.06470600029836, 39.56352400018763], [-75.06475300015401, 39.56344199995026], [-75.06481699972812, 39.563341000056745], [-75.06486299975887, 39.56326299966113], [-75.0648789996524, 39.563221999746524], [-75.06489100024629, 39.56318499987037], [-75.0648999995688, 39.563142999893415], [-75.06490999961456, 39.56308500031214], [-75.0649349997289, 39.56304000022149], [-75.06498900015558, 39.56293100028108], [-75.06505299972967, 39.562843999932475], [-75.06507700001912, 39.562803999791306], [-75.0650960002857, 39.56276200027616], [-75.06511800002698, 39.562707999773885], [-75.06513399992053, 39.56265399992206], [-75.0651749999284, 39.56252000013385], [-75.0651819996011, 39.562501000344525], [-75.06520199969259, 39.56244500027892], [-75.06528200005853, 39.56223199988857], [-75.06535400002856, 39.56202899986036], [-75.06543100002145, 39.56185000007934], [-75.06550800001435, 39.561711999975365], [-75.06561400031956, 39.56158299994604], [-75.0657089998558, 39.56148500023579], [-75.06585299979584, 39.56139299994365], [-75.06598199966727, 39.561329000029765], [-75.06615599974454, 39.56124499988002], [-75.06620199977529, 39.56122200025822], [-75.06622799971456, 39.561198999936295], [-75.06625299982892, 39.561161000321086], [-75.06627100027059, 39.5611179997655], [-75.06628200014124, 39.561078000013886], [-75.06628399979107, 39.56104699996546], [-75.06628499961597, 39.561035000099395], [-75.0662739997453, 39.56095499978487], [-75.06625799985179, 39.560880000315144], [-75.06625600020197, 39.56076300003862], [-75.06626799989753, 39.56071100016015], [-75.06629800003476, 39.560584999813436], [-75.06630200023272, 39.56051400016034], [-75.0662860003392, 39.56047500011516], [-75.06625000035419, 39.56043199982677], [-75.06619000007973, 39.56037700022436], [-75.06616900016334, 39.56033700004545], [-75.0661609997674, 39.56030999989427], [-75.06615699956944, 39.5602670001962], [-75.06615699956944, 39.56023899995965], [-75.06617099981315, 39.56015800005281], [-75.06617800038416, 39.56005500010303], [-75.06619699975242, 39.55991399970185], [-75.06620699979817, 39.559796999873406], [-75.06620599997325, 39.559705000112366], [-75.0661950001026, 39.55964799980019], [-75.06616400014046, 39.559530000147234], [-75.06612599960731, 39.559399000074336], [-75.06608700014758, 39.55923299999135], [-75.0660469999646, 39.559017999973385], [-75.06602400039839, 39.55890899994487], [-75.06598199966727, 39.55878000024259], [-75.06593300016178, 39.55870000009729], [-75.06590700022251, 39.558628999899675], [-75.06590300002455, 39.55858599985198], [-75.06591700026826, 39.55851099989828], [-75.06596099975089, 39.558418999816624], [-75.06603699991885, 39.558297999892304], [-75.06613999985102, 39.55817200001004], [-75.06621799966882, 39.55810099996454], [-75.06623199991252, 39.55808800019223], [-75.06628499961597, 39.558044999809134], [-75.0663149997532, 39.55801900024104], [-75.06633300019486, 39.55799299997061], [-75.06633599966959, 39.55796699969048], [-75.06632499979894, 39.55792399992492], [-75.06629899985968, 39.55788699999261], [-75.06623899958522, 39.55784199999217], [-75.06620900034629, 39.55781599965543], [-75.06616199959232, 39.557756999680834], [-75.06611599956157, 39.557712999690594], [-75.06607899975164, 39.5576789999309], [-75.06606000038337, 39.5576479997484], [-75.06605199998747, 39.55760499978513], [-75.06606299985812, 39.5575699998759], [-75.06609200017043, 39.55752400026514], [-75.06614300022406, 39.55746100034216], [-75.06617599983603, 39.557403000164655], [-75.0661940002777, 39.55734900033789], [-75.06620900034629, 39.55728299995385], [-75.06620799962309, 39.55722300011691], [-75.06621500019409, 39.55715399999786], [-75.06623000026269, 39.55712200017027], [-75.0662589996767, 39.55710200018397], [-75.06631800012623, 39.55710200018397], [-75.06638900027136, 39.55710399969803], [-75.06644000032499, 39.557095000152806], [-75.06647700013491, 39.55707500015866], [-75.06649899987622, 39.55705500015882], [-75.06650300007416, 39.557029000219636], [-75.0664910003786, 39.55697999993489], [-75.06645000037074, 39.556925999778805], [-75.06639000009626, 39.55683699999415], [-75.06635999995903, 39.55678899968164], [-75.06633800021774, 39.556739999919905], [-75.06633099964672, 39.55670400015769], [-75.06632499979894, 39.556666000157534], [-75.06633300019486, 39.556643999819876], [-75.06633999986755, 39.5566100002288], [-75.066356999586, 39.55657300028814], [-75.06637699967747, 39.55654200030395], [-75.06640199979184, 39.55651100030596], [-75.06643299975399, 39.556491000143495], [-75.06646999956389, 39.55647300020008], [-75.0665199997926, 39.55645300002666], [-75.06658500008994, 39.55642799997491], [-75.06666100025792, 39.556225999697226], [-75.06697199970424, 39.55600799969759], [-75.06794199964969, 39.555518999980094], [-75.06821000033662, 39.55508100012794], [-75.06854199969932, 39.55453700003175], [-75.06915099996978, 39.55382400020521], [-75.06987099967, 39.553118999878265], [-75.07086900010289, 39.550945000013115], [-75.0710259995634, 39.55060400015871], [-75.07105800024877, 39.550535999887785], [-75.07104099963202, 39.550440000206734], [-75.07101999971562, 39.550343999700175], [-75.07101499969276, 39.550323000329264], [-75.07100700019515, 39.55028100018306], [-75.07099499960127, 39.550212000085565], [-75.07098899975348, 39.55016800015819], [-75.07098100025588, 39.550110000116874], [-75.07099299995144, 39.55003500000344], [-75.07100999966988, 39.54996999979343], [-75.07104499982998, 39.549929000332945], [-75.07106900011942, 39.54985400002391], [-75.07107999999009, 39.549804000003704], [-75.07109800043175, 39.549650999787424], [-75.07111500015017, 39.549558000210865], [-75.07113500024168, 39.54951399986879], [-75.0711650003789, 39.54947300013884], [-75.07121200023457, 39.549435999854914], [-75.0712640001131, 39.549395000078874], [-75.07130900031895, 39.54935400027866], [-75.07133100006024, 39.549325000270144], [-75.07134799977868, 39.549279000040706], [-75.07135199997664, 39.549197000278895], [-75.07135899964933, 39.54912000012708], [-75.0713689996951, 39.54905199978703], [-75.07139100033471, 39.54900900003679], [-75.07142999979445, 39.54896600025984], [-75.07152900042698, 39.548909999656615], [-75.07150299958938, 39.548841000273676], [-75.07149300044196, 39.54879599994645], [-75.07149300044196, 39.54874899983525], [-75.07150599996244, 39.54868699978718], [-75.0715319999017, 39.54864999977679], [-75.07157999958228, 39.54862899989316], [-75.07161499974238, 39.54862599990927], [-75.07166400014619, 39.54862899989316], [-75.07174299978891, 39.548642000052766], [-75.07182900000262, 39.54866899989692], [-75.07185400011699, 39.54867799984263], [-75.07195700004915, 39.54871600006235], [-75.07204499991269, 39.548735999695694], [-75.07208300044584, 39.54873999989875], [-75.07215500041586, 39.54874899983525], [-75.07226099982276, 39.54874800030416], [-75.07233500034093, 39.54874100012265], [-75.0723970002652, 39.5487269997575], [-75.07247599990791, 39.54867900006743], [-75.0725239995885, 39.54862700013481], [-75.07254600022812, 39.54860399979252], [-75.0726369995664, 39.54846399989368], [-75.07271100008454, 39.5483509996803], [-75.07277200018392, 39.548269000207114], [-75.07281499984163, 39.54819400018172], [-75.07284499997886, 39.54810899982404], [-75.07287500011608, 39.54805400014831], [-75.07297999969806, 39.547975000336294], [-75.07304599982032, 39.547930999683004], [-75.07305400021623, 39.54792100009738], [-75.07310299972171, 39.54786200001921], [-75.07312899966098, 39.547807999692346], [-75.07314600027773, 39.547752999778034], [-75.07318899993545, 39.54769799982012], [-75.07325099985971, 39.54766400000065], [-75.07340499984552, 39.547624999657515], [-75.07342199956393, 39.54759999988778], [-75.07347299961756, 39.54753599971591], [-75.07351600017358, 39.54749800023535], [-75.07353000041729, 39.54748700034537], [-75.07358200029581, 39.547430999933844], [-75.07361900010575, 39.547389000115075], [-75.0736430003952, 39.547372999682636], [-75.07363800037234, 39.547199000023475], [-75.07364699969483, 39.547144999873346], [-75.07366799961123, 39.547068000215155], [-75.07371199999217, 39.54695700030558], [-75.07374600032736, 39.546876999686546], [-75.07378800016015, 39.546804000045576], [-75.07381599974924, 39.546766999723786], [-75.07384500006157, 39.54673000007498], [-75.07387699984862, 39.54668100013527], [-75.07388699989436, 39.5466480000715], [-75.07388699989436, 39.54660299970744], [-75.07387400037388, 39.54655900026224], [-75.07384900025953, 39.54653200028971], [-75.0738180002974, 39.54651899973483], [-75.07377100044171, 39.54651000020173], [-75.07372600023588, 39.546504000050575], [-75.07367299963411, 39.546505999870114], [-75.07362099975559, 39.54651800017155], [-75.07358099957261, 39.546531000034015], [-75.07354799996064, 39.546561000080196], [-75.07350899960258, 39.54659799981912], [-75.0734740003408, 39.546621000133655], [-75.07345099987627, 39.546635000231014], [-75.07341599971615, 39.54664300018643], [-75.07338599957893, 39.54663899986249], [-75.0733610003629, 39.546624000204226], [-75.07334200009633, 39.54660200014543], [-75.07332399965466, 39.546567999788934], [-75.07331699998197, 39.54653700018283], [-75.07331399960891, 39.54649600007914], [-75.07332399965466, 39.54645499995129], [-75.07334100027141, 39.54642199978009], [-75.07336999968541, 39.54638100030117], [-75.0733830001042, 39.54636599989443], [-75.07340800021855, 39.54633599976394], [-75.07344199965543, 39.546300999710766], [-75.07348000018857, 39.546260000160345], [-75.07357499972483, 39.54621700006523], [-75.07368100003002, 39.5461530000032], [-75.07373499955838, 39.546114999765216], [-75.0737699997185, 39.546104999917894], [-75.07380900007655, 39.54610699974893], [-75.07382699961988, 39.54611600002695], [-75.07385599993222, 39.54613099979502], [-75.07392100022955, 39.546159999753094], [-75.07397300010808, 39.54618199995204], [-75.07401499994087, 39.54618999995968], [-75.07404000005523, 39.54618800013103], [-75.07406000014672, 39.546178000294226], [-75.07407900041329, 39.54616299984361], [-75.07408899956073, 39.54614199989996], [-75.07409399958358, 39.546117000288675], [-75.0740869999109, 39.546090000144204], [-75.0740590003218, 39.546061000156925], [-75.0740240001617, 39.54603099989452], [-75.07399099965143, 39.545996999950965], [-75.07393200010019, 39.545940999722376], [-75.07390100013805, 39.545917000303234], [-75.07387900039674, 39.54589999995925], [-75.07384900025953, 39.54586700021683], [-75.0738340001909, 39.54584600018365], [-75.07382699961988, 39.5458120001494], [-75.07381900012228, 39.54575099982216], [-75.07380900007655, 39.54569500008771], [-75.0738340001909, 39.54570100030882], [-75.07387400037388, 39.54570600026177], [-75.0739039996128, 39.54569599966278], [-75.07392700007733, 39.545683000336666], [-75.07394899981863, 39.545660999979525], [-75.07395899986439, 39.54563600019491], [-75.07396600043539, 39.54559899994304], [-75.07395800003947, 39.545575999982475], [-75.07393600029816, 39.54555100016723], [-75.07391500038176, 39.54553600027379], [-75.07389000026741, 39.545518000258845], [-75.07382999999294, 39.5454909998813], [-75.07377200026663, 39.5454679998849], [-75.07370199994644, 39.54544800000234], [-75.07363199962622, 39.545426999842356], [-75.0735939999914, 39.54540899979913], [-75.07356899987703, 39.54539000017172], [-75.07355899983129, 39.54536899999419], [-75.07355299998352, 39.54533400014599], [-75.07356100037943, 39.54531100009755], [-75.073573000075, 39.54528900031519], [-75.07359300016648, 39.545271999817345], [-75.07362199958048, 39.545259999993156], [-75.07369400044882, 39.54524600031104], [-75.073749999627, 39.54524300018089], [-75.0737620002209, 39.54524199990661], [-75.07386699980286, 39.54524100032495], [-75.07395200019168, 39.545230999658955], [-75.07399700039753, 39.545216999971046], [-75.07402699963643, 39.545200000148284], [-75.07404099988015, 39.54518200004619], [-75.07404900027606, 39.54516099980566], [-75.07403900023031, 39.545133999981935], [-75.07402599981154, 39.545102000151594], [-75.07401499994087, 39.54505299975497], [-75.07401499994087, 39.5450120001599], [-75.07402699963643, 39.54495599982914], [-75.07403900023031, 39.544930000204445], [-75.07406699981941, 39.544903000290844], [-75.0741019999795, 39.54488199996588], [-75.07415100038331, 39.54486600034082], [-75.07420599973659, 39.54484600028475], [-75.07425099994242, 39.54481499990933], [-75.0742910001254, 39.544782000343666], [-75.07433600033124, 39.54473900002536], [-75.0743689999432, 39.5446930002192], [-75.07442099982174, 39.54462099994941], [-75.07445699980676, 39.54456399971174], [-75.07447799972314, 39.54451099987405], [-75.0744810000962, 39.544468000080556], [-75.07447799972314, 39.5444279997332], [-75.07445900035488, 39.54437499979165], [-75.07444299956305, 39.54433000003174], [-75.07440199955515, 39.54428700012609], [-75.07436200027053, 39.54425899967377], [-75.07432999958515, 39.54423999973155], [-75.07431299986672, 39.54423000030676], [-75.07420800028471, 39.54416799968448], [-75.07413799996452, 39.544139999876876], [-75.07407699986514, 39.544124999678445], [-75.07401499994087, 39.5441150002371], [-75.07394399979576, 39.54410899987885], [-75.07386599997795, 39.544101000323984], [-75.07377499974136, 39.544089000297305], [-75.073721000213, 39.54407400008785], [-75.0736860000529, 39.54406000016652], [-75.07365900028873, 39.544037999987516], [-75.07363599982419, 39.54401399991028], [-75.07361699955763, 39.54397799977882], [-75.0736290001515, 39.54395199978775], [-75.07363499999929, 39.54390400025819], [-75.07362199958048, 39.543850000314734], [-75.07361300025798, 39.54382100008408], [-75.07358200029581, 39.54378800004569], [-75.07355100033368, 39.54376899997451], [-75.0734950002572, 39.54375899978912], [-75.0734400000056, 39.543760000084816], [-75.07338700030216, 39.54376500017762], [-75.073312999784, 39.54376300027909], [-75.07327599997407, 39.543751000193964], [-75.07323599979111, 39.543732000112605], [-75.07321999989757, 39.543707999929545], [-75.0732140000498, 39.54366799983686], [-75.07321999989757, 39.54364400032436], [-75.0732349999662, 39.54362000011086], [-75.07327199977611, 39.543585999678704], [-75.07334200009633, 39.543546000208444], [-75.0733970003479, 39.54351800014993], [-75.07343300033291, 39.543507000321725], [-75.07350000028006, 39.5434860002671], [-75.07355399980844, 39.54345899979168], [-75.07362300030371, 39.543423999672854], [-75.07368699987781, 39.543370000048704], [-75.07372500041096, 39.5433299997612], [-75.07375499964988, 39.543281999801415], [-75.07377499974136, 39.54323700002545], [-75.07378499978711, 39.54317600020555], [-75.07378099958913, 39.543094000158796], [-75.07376600041884, 39.54296300022099], [-75.07375899984783, 39.542900000236905], [-75.0737410003045, 39.54284400027995], [-75.07371399964198, 39.54280199976305], [-75.07368100003002, 39.54277000024282], [-75.07365000006789, 39.54275099989293], [-75.07358099957261, 39.54274399979917], [-75.07353299989204, 39.54274899996517], [-75.07347799964045, 39.54276300015097], [-75.07341700043939, 39.54280600030818], [-75.0733830001042, 39.54283000011049], [-75.07331100013417, 39.54293100008225], [-75.07329900043861, 39.54294999969017], [-75.07326000008055, 39.5430089997884], [-75.07322699957027, 39.54308000003976], [-75.07320300017915, 39.543112000109794], [-75.07317899988969, 39.54312899975131], [-75.07314799992756, 39.54313900002748], [-75.07310699991967, 39.543149999914014], [-75.07305599986606, 39.54315300013466], [-75.0730039999875, 39.54315300013466], [-75.07296299997962, 39.54314799999776], [-75.0729460002612, 39.543131999972864], [-75.07293500039054, 39.543099999912044], [-75.07292799981953, 39.54304200019722], [-75.07293100019258, 39.542985999662164], [-75.07292500034478, 39.54295099999752], [-75.07292299979665, 39.54294099969426], [-75.0729100002762, 39.54290900023812], [-75.07287099991812, 39.542869999993435], [-75.07280599962078, 39.542819000173296], [-75.07270900043473, 39.542743000181574], [-75.0726020003046, 39.54266100031594], [-75.07252299976358, 39.54260300023418], [-75.07243400007512, 39.54252399975822], [-75.07237499962558, 39.54245200000899], [-75.07234399966343, 39.54240699969483], [-75.07233699999074, 39.542358999789414], [-75.07234000036378, 39.542319000304694], [-75.07235999955697, 39.54225599973594], [-75.07236299993001, 39.5422400001982], [-75.07237299997576, 39.54219200017722], [-75.0723620001051, 39.542116999818255], [-75.07235200005935, 39.542066999764856], [-75.07232699994499, 39.54202999968828], [-75.07229299960981, 39.5419979998121], [-75.07225499997499, 39.54195800011931], [-75.07223700043161, 39.54192699983928], [-75.07222300018793, 39.54187900029459], [-75.07221899998997, 39.54182799974619], [-75.07222200036303, 39.54176700007334], [-75.07221800016505, 39.54172200000779], [-75.0722070002944, 39.54170699997942], [-75.07219800007357, 39.54169300027335], [-75.07217299995922, 39.54166900007785], [-75.0721300003015, 39.5416449998741], [-75.07198899983621, 39.54160600030456], [-75.07186499998764, 39.541570000309484], [-75.07178899981966, 39.54152700007921], [-75.07173100009334, 39.54149100004315], [-75.0716790002148, 39.54145100005816], [-75.0716440000547, 39.54141100005006], [-75.0716230001383, 39.54136599975368], [-75.07161599956729, 39.54131599985193], [-75.07162899998609, 39.54126300030477], [-75.07164300022978, 39.541223000188324], [-75.07167699966665, 39.54118300004887], [-75.07176600025343, 39.541121000168154], [-75.07179600039068, 39.541092000182594], [-75.0718130001091, 39.541046000037326], [-75.07181899995689, 39.54099300028393], [-75.07181200028418, 39.54094500009327], [-75.0717910003678, 39.54089600022525], [-75.07176999955308, 39.540865999808275], [-75.0717360001162, 39.54081600023909], [-75.07170900035203, 39.54076999991085], [-75.07169500010832, 39.54070700001428], [-75.0716869997124, 39.54054500021553], [-75.07169199973528, 39.540377000050526], [-75.07168500006257, 39.54029799981177], [-75.07164999990248, 39.54020500016956], [-75.07162899998609, 39.54016999979521], [-75.07159100035123, 39.54014100010505], [-75.07153600009966, 39.540117999721055], [-75.07147099980233, 39.54010199969038], [-75.0714189999238, 39.54009700002644], [-75.07137100024322, 39.54010199969038], [-75.07134000028108, 39.540117999721055], [-75.07131599999163, 39.54012700008304], [-75.07126499993802, 39.54016399978865], [-75.07121700025745, 39.54019100016051], [-75.0711729998765, 39.54020399982262], [-75.07114500028742, 39.54020700017062], [-75.07109400023378, 39.54020199982148], [-75.07105599970063, 39.54017799980315], [-75.07103499978423, 39.54014700011359], [-75.07102399991358, 39.540091000013575], [-75.07103099958627, 39.54002200017455], [-75.07104700037813, 39.539947000241625], [-75.07106400009656, 39.53991399974668], [-75.07109400023378, 39.53985400012915], [-75.07117200005159, 39.53973099967719], [-75.0712499998694, 39.539617000128224], [-75.07128699967932, 39.53953900007363], [-75.07129699972506, 39.5395020000349], [-75.07129599990016, 39.53947300006564], [-75.0712919997022, 39.5394620002891], [-75.07128500002949, 39.539440999703274], [-75.07124700039466, 39.53939600020787], [-75.07121499970928, 39.5393380001686], [-75.07120999968643, 39.53931999993161], [-75.07120100036391, 39.539284999803705], [-75.07120100036391, 39.53925300004744], [-75.07121800008234, 39.5392159998562], [-75.0712719996107, 39.539165000122004], [-75.07133000023535, 39.53912700021422], [-75.07140899987806, 39.539089999955806], [-75.07148400022112, 39.53905499971198], [-75.07153699992458, 39.53901200000182], [-75.0715749995594, 39.53896700022829], [-75.07159100035123, 39.53892399977083], [-75.071601000397, 39.538846999996814], [-75.07159700019903, 39.53879899970757], [-75.07156200003894, 39.53870099967784], [-75.07154100012254, 39.53862399965643], [-75.07153299972661, 39.538549999969234], [-75.07153899957439, 39.538418999767764], [-75.07155199999319, 39.53833199985167], [-75.07156899971163, 39.5382729999341], [-75.07159600037411, 39.53823799997103], [-75.07162999981101, 39.53822000014151], [-75.07166800034415, 39.53820599973208], [-75.07170199978101, 39.53820099993156], [-75.07175399965956, 39.538194999754744], [-75.07182900000262, 39.53820500004912], [-75.07188799955387, 39.53820999984935], [-75.07193199993479, 39.53820500004912], [-75.0719679999198, 39.53818900027025], [-75.07199499968398, 39.538159000068774], [-75.07200499972971, 39.53812699979334], [-75.07200200025498, 39.538093000134076], [-75.07198700018638, 39.53804999982796], [-75.07196000042218, 39.53801299968822], [-75.0719040003457, 39.53795800032409], [-75.07188699972895, 39.537912999867224], [-75.07187599985829, 39.53786199986843], [-75.07188900027708, 39.53781200021355], [-75.0719040003457, 39.53779200020296], [-75.07193100010987, 39.537756999997406], [-75.07194000033071, 39.53774800002083], [-75.07200200025498, 39.53769999966438], [-75.07209099994344, 39.537636999752344], [-75.07211799970761, 39.53760600031346], [-75.07213799979912, 39.53757100001407], [-75.07214100017217, 39.537525999999104], [-75.0721300003015, 39.53748399972789], [-75.07210299963901, 39.53744099973729], [-75.07205800033148, 39.53739900010744], [-75.0720030000799, 39.53736300000858], [-75.07190900036858, 39.5373150000787], [-75.07186400016272, 39.537285999888425], [-75.07183700039855, 39.537253999903385], [-75.07181200028418, 39.537214000247644], [-75.07179800004049, 39.537150000196355], [-75.07180100041353, 39.537107999697625], [-75.07180999973606, 39.53707600032327], [-75.0718280001777, 39.53704000005689], [-75.07183300020058, 39.537028000194915], [-75.0718979995996, 39.53696399997214], [-75.07193899960747, 39.536915999766286], [-75.07195600022423, 39.536884000303424], [-75.071962000072, 39.53681200024566], [-75.07194399963036, 39.53675100032111], [-75.07191299966823, 39.536705999774554], [-75.07186499998764, 39.53667200011202], [-75.0718199997818, 39.53665100006762], [-75.07176500042851, 39.5366460001551], [-75.07169599993324, 39.5366539998764], [-75.07162800016117, 39.53666500009794], [-75.07155600019115, 39.536676000317684], [-75.07151099998529, 39.536684000035585], [-75.07146999997742, 39.53667900012538], [-75.0714320003426, 39.536670999714154], [-75.0714049996801, 39.5366550002745], [-75.07137999956575, 39.53663200012094], [-75.07135899964933, 39.536597000023235], [-75.0713489996036, 39.536549000256414], [-75.0713550003497, 39.536485999992536], [-75.07137200006814, 39.53644300007651], [-75.07139899983231, 39.536407999883515], [-75.07142999979445, 39.53638399993887], [-75.07149099989383, 39.536359999986], [-75.071565000412, 39.53633899984721], [-75.07164599970451, 39.53632699986401], [-75.07167699966665, 39.53632699986401], [-75.07174899963668, 39.53632699986401], [-75.07182399997976, 39.53631600028176], [-75.07186499998764, 39.536305000004916], [-75.07189900032282, 39.53628100002472], [-75.07192000023922, 39.53625400021025], [-75.07192400043718, 39.53621199986218], [-75.07192000023922, 39.53612900018827], [-75.07193000028498, 39.53610000019538], [-75.0719470000034, 39.53607899997789], [-75.07200200025498, 39.53603900033792], [-75.07205599978334, 39.53599800026734], [-75.07209099994344, 39.53596900021967], [-75.07211199985984, 39.53594399971498], [-75.07214500037013, 39.53590499971331], [-75.07218600037801, 39.53587299978439], [-75.07222700038588, 39.53585900028715], [-75.07226800039378, 39.53585400031753], [-75.07230900040165, 39.53586200013016], [-75.07234700003647, 39.535884999846026], [-75.07242300020447, 39.5359570001725], [-75.07246900023523, 39.53601000030738], [-75.07248699977856, 39.536030999852926], [-75.07250600004514, 39.53605499991956], [-75.07254399967998, 39.5360780002643], [-75.07257899984008, 39.536088999884306], [-75.07261300017527, 39.53608600005111], [-75.07264099976436, 39.536074999737814], [-75.07266800042684, 39.5360509996781], [-75.07269099999307, 39.53600100010434], [-75.0727010000388, 39.53593099994777], [-75.07269699984084, 39.53582500020975], [-75.07268599997019, 39.53574799976915], [-75.07266800042684, 39.535702999957955], [-75.07261599965, 39.5356260000748], [-75.07257800001517, 39.53555999981012], [-75.0725599995735, 39.53552299972869], [-75.07255700009877, 39.535467000054865], [-75.07256999961925, 39.53540299977844], [-75.07258300003802, 39.53536100030113], [-75.07261700037323, 39.53528100017063], [-75.07262999989369, 39.535216999722735], [-75.07263200044184, 39.53508400001052], [-75.07262499987083, 39.53498799973692], [-75.07260700032748, 39.53492700028795], [-75.0725880000609, 39.53485800016519], [-75.07254200003015, 39.53476000011392], [-75.07250000019735, 39.534643999860315], [-75.07246500003727, 39.53453999970701], [-75.07243300025021, 39.53440200000919], [-75.07242200037955, 39.53432500006861], [-75.07242099965634, 39.53425600004032], [-75.07243499990004, 39.534194999948134], [-75.07246300038744, 39.534114999859526], [-75.07250699987006, 39.534006000196705], [-75.07251299971784, 39.53398099967788], [-75.07252299976358, 39.53394400014052], [-75.0725300003346, 39.53387799966228], [-75.07251899956562, 39.5338249999781], [-75.07250500022025, 39.53378499973213], [-75.07248099993078, 39.53375100002459], [-75.0724320004253, 39.53371399967186], [-75.07238399984641, 39.53368700024463], [-75.07231199987639, 39.53366399980047], [-75.07223999990636, 39.53364600017053], [-75.07217399978411, 39.53362700009421], [-75.07212899957828, 39.533600999689575], [-75.07210199981411, 39.533574000218394], [-75.0720879995704, 39.533532000327305], [-75.07208099989771, 39.53347200004291], [-75.07208500009567, 39.53341499965542], [-75.07208699974548, 39.53339900015815], [-75.07210400036223, 39.533374999866055], [-75.0721439996469, 39.53334000020468], [-75.07215799989059, 39.533315999892196], [-75.07215799989059, 39.53329200026429], [-75.0721369999742, 39.533261000270656], [-75.07212399955542, 39.533222999902065], [-75.07212399955542, 39.53319700003897], [-75.07212899957828, 39.53318200024677], [-75.07214100017217, 39.53315900032814], [-75.0721510002179, 39.5331299997873], [-75.07214899966975, 39.533100999927186], [-75.07214199999709, 39.533077999981764], [-75.07213500032437, 39.533057999992856], [-75.07212399955542, 39.532989999848965], [-75.07215500041586, 39.532902000297526], [-75.07219600042374, 39.53282500007889], [-75.07223099968552, 39.5327539997296], [-75.07224800030228, 39.53270600007683], [-75.07225499997499, 39.53267499982157], [-75.07225300032516, 39.53263000009685], [-75.07224699957906, 39.53260999997893], [-75.07223700043161, 39.53258999985524], [-75.0722159996169, 39.53256899996162], [-75.07218200018005, 39.53255199981216], [-75.0721369999742, 39.532534999658544], [-75.07209900033936, 39.53252700015536], [-75.07206500000417, 39.532525999697775], [-75.07202499982121, 39.53253000014236], [-75.07197600031573, 39.53254100032456], [-75.07193799978256, 39.53255300026938], [-75.07189400029996, 39.532580000137635], [-75.07183599967532, 39.53261599994567], [-75.07179600039068, 39.53263900004414], [-75.0717639997053, 39.53265300019074], [-75.07173000026842, 39.53266200013505], [-75.07166999999397, 39.53267000031547], [-75.0716230001383, 39.53267499982157], [-75.07158600032838, 39.53267499982157], [-75.07150900033548, 39.53267000031547], [-75.07143399999241, 39.53266399966061], [-75.07135100015175, 39.53265300019074], [-75.07127900018172, 39.53262299967519], [-75.07119799999087, 39.53258199966555], [-75.0711579998079, 39.53255499979807], [-75.07110099990648, 39.53250600024269], [-75.07107499996721, 39.532471000143225], [-75.07106300027165, 39.532444999998496], [-75.07106099972351, 39.53240399988375], [-75.07106599974637, 39.532376000180136], [-75.07107599979213, 39.53235800021621], [-75.07110099990648, 39.53234100001509], [-75.07112000017305, 39.53233299979675], [-75.07115100013519, 39.53232300004213], [-75.0711729998765, 39.53231400005388], [-75.07119600034105, 39.532302000067745], [-75.07121100040965, 39.53228499985291], [-75.0712209995571, 39.532266000096946], [-75.07122599957995, 39.532241000337166], [-75.07123899999874, 39.53221400033707], [-75.0712499998694, 39.53219400009925], [-75.07127300033395, 39.532170000083475], [-75.07128500002949, 39.53215299983627], [-75.07128699967932, 39.53213499981457], [-75.0712780003568, 39.53211699978821], [-75.0712640001131, 39.5320970002153], [-75.07123999982366, 39.53207199970181], [-75.07122399993013, 39.53204300009261], [-75.0712220002803, 39.53202100026151], [-75.07122399993013, 39.53200099996815], [-75.07123200032605, 39.53198599991753], [-75.07124599967143, 39.5319670000797], [-75.07126800031105, 39.53194800023671], [-75.07130400029607, 39.531930000161815], [-75.07134600012887, 39.53192199989612], [-75.07142099957362, 39.5319270001489], [-75.0714750000003, 39.5319309999352], [-75.07152600005392, 39.531918999882855], [-75.0715600003891, 39.53190500028104], [-75.07159100035123, 39.5318829997134], [-75.071601000397, 39.53185700004134], [-75.07160800006969, 39.53182000006483], [-75.07159999967377, 39.53178000004934], [-75.07159100035123, 39.531761000155115], [-75.07154699997031, 39.531718999860054], [-75.07149199971873, 39.53169099988019], [-75.07141499972583, 39.53167100018455], [-75.0712980004483, 39.53165399981521], [-75.07122599957995, 39.53164399996279], [-75.07117399970141, 39.53162599980912], [-75.07114299973928, 39.531603000067854], [-75.07112199982289, 39.53156699973461], [-75.07110799957917, 39.531506999830476], [-75.07111599997509, 39.53145099968844], [-75.07112799967067, 39.53141700022351], [-75.07114899958707, 39.531383999830275], [-75.07118200009732, 39.5313619997904], [-75.07123599962569, 39.53134599981995], [-75.07131099996877, 39.53133599992317], [-75.07141999974871, 39.53132699980702], [-75.0714969997416, 39.531316999907496], [-75.07155600019115, 39.53129600032168], [-75.07159999967377, 39.53127199999542], [-75.0716230001383, 39.53124799966092], [-75.07164900007757, 39.531215999663836], [-75.07169599993324, 39.5311240001098], [-75.07171000017695, 39.5311080000845], [-75.07173799976603, 39.53108900000643], [-75.07180800008622, 39.53105499967137], [-75.07184499989616, 39.53103199974094], [-75.07186199961458, 39.531011000068915], [-75.07190199979756, 39.5309729998545], [-75.07192600008702, 39.53094600005409], [-75.07195799987406, 39.53093200025612], [-75.07206599982909, 39.53089499978666], [-75.07221099959405, 39.530854999931094], [-75.07234500038666, 39.530824000235], [-75.07240399993789, 39.53080999971957], [-75.07243700044818, 39.53078800019064], [-75.07246300038744, 39.530761000318336], [-75.07247099988504, 39.530725000241304], [-75.0724680004103, 39.5306809997369], [-75.07244900014372, 39.53064500031125], [-75.07243700044818, 39.53061999996777], [-75.0724259996792, 39.53059799968575], [-75.07239800009012, 39.53058099974654], [-75.0723539997092, 39.53055900014504], [-75.0723200002723, 39.530556000072814], [-75.07227599989137, 39.53054399978288], [-75.07224400010432, 39.53053099969729], [-75.07220300009644, 39.53050600000562], [-75.07217100030938, 39.53048100030496], [-75.07213199995132, 39.530418000077056], [-75.07208900029362, 39.530391999856356], [-75.07193000028498, 39.530343999956294], [-75.07187500003337, 39.53030799966304], [-75.07180399988827, 39.53024400017337], [-75.07178299997187, 39.530207999828264], [-75.07177999959882, 39.53016800026978], [-75.07179200019269, 39.53011199974055], [-75.07181800013197, 39.53005599985908], [-75.07187599985829, 39.52997999974964], [-75.07192799973683, 39.52992299995943], [-75.07195500039931, 39.52989800004884], [-75.07207599987483, 39.52978999980506], [-75.07216600028651, 39.52971800001114], [-75.07220499974628, 39.52968200008612], [-75.07224800030228, 39.52962699966433], [-75.07227900026442, 39.529572999699084], [-75.07229799963267, 39.529524999925705], [-75.07230500020368, 39.529470999881134], [-75.07230100000574, 39.52944999973697], [-75.07229699980778, 39.52943300020954], [-75.0722709998685, 39.52940899993218], [-75.07223099968552, 39.529393000204536], [-75.07217499960903, 39.529373999657146], [-75.07210799966188, 39.529346000117265], [-75.07206300035435, 39.529317999873264], [-75.07203200039221, 39.5292879999952], [-75.07200899992768, 39.52925800010417], [-75.07199300003417, 39.52922400025821], [-75.07198700018638, 39.52918199981418], [-75.07199200020924, 39.52914600030414], [-75.07201800014852, 39.52911599965891], [-75.072066999654, 39.52907600016417], [-75.0721439996469, 39.529028000047205], [-75.07223900008144, 39.528980999712864], [-75.0723289995948, 39.52893499985601], [-75.07238100037168, 39.52890199966888], [-75.07243700044818, 39.528858000087745], [-75.07250400039531, 39.528801999887705], [-75.07255799992367, 39.528759000062244], [-75.07259800010664, 39.52873100027442], [-75.07272600015317, 39.52866799984433], [-75.07280599962078, 39.5286200001382], [-75.0728419996058, 39.528588000315665], [-75.07286199969728, 39.528554000141625], [-75.07286699972016, 39.52851000034001], [-75.07286400024543, 39.528468999980106], [-75.07284900017682, 39.528441999898845], [-75.07282200041264, 39.52841399998319], [-75.07277800003169, 39.52839400003648], [-75.07271600010742, 39.52837199974203], [-75.07267000007667, 39.52835800011793], [-75.07262499987083, 39.52833700032999], [-75.07259399990868, 39.52831500001752], [-75.07256799996942, 39.52828300005443], [-75.07256499959638, 39.528255000074594], [-75.07256200012162, 39.52822099973749], [-75.0725670001445, 39.528175000070036], [-75.07258999971073, 39.52813900003794], [-75.07261599965, 39.52811599983445], [-75.07264900016028, 39.5280940001448], [-75.07269199981798, 39.52807800011414], [-75.07274600024465, 39.52805700024156], [-75.07280499979589, 39.52803499984032], [-75.07284599980376, 39.52801099977261], [-75.0728769997659, 39.52798500003635], [-75.0728900001847, 39.52796099995131], [-75.07290000023043, 39.527927000163146], [-75.07290699990314, 39.52787300026157], [-75.07292199997175, 39.5277870001263], [-75.07294500043629, 39.52771200013888], [-75.07297300002539, 39.527662000102325], [-75.07300099961446, 39.527632000201656], [-75.07301900005614, 39.52762000009919], [-75.0730449999954, 39.52760399995931], [-75.07309400039921, 39.5275839997793], [-75.07316399982108, 39.527561999921105], [-75.07330199991335, 39.527532999813886], [-75.0734109996933, 39.52751000010255], [-75.07347799964045, 39.52748999989547], [-75.07352200002138, 39.52746700016989], [-75.07354999961046, 39.52744699995042], [-75.0735739998999, 39.52741699995686], [-75.07358399994565, 39.527389000320724], [-75.07358099957261, 39.52734700015247], [-75.073573000075, 39.527309000011314], [-75.0735449995876, 39.527283000012204], [-75.07351100015072, 39.527266999794676], [-75.07345400024931, 39.52725399978847], [-75.0733610003629, 39.52723999993897], [-75.07326000008055, 39.527222000029305], [-75.07319999980609, 39.527196999839106], [-75.07315600032346, 39.527166999737545], [-75.07314000042996, 39.527130999875695], [-75.07313500040708, 39.52709300030925], [-75.07314000042996, 39.52706099978298], [-75.07315200012552, 39.52703100031556], [-75.07317800006479, 39.52699700007202], [-75.0732209997225, 39.52696100012204], [-75.07328299964676, 39.52690999969905], [-75.07333200005057, 39.526862000163405], [-75.07336999968541, 39.52680800012651], [-75.0733899997769, 39.52676099967522], [-75.0733970003479, 39.52671700012325], [-75.07338800012708, 39.52665499979379], [-75.07336999968541, 39.52658099981992], [-75.07333799989837, 39.52652200030859], [-75.07329100004269, 39.52646600030323], [-75.07326000008055, 39.52643800028362], [-75.07320499982896, 39.526403999749725], [-75.07315100030061, 39.526382000210575], [-75.0730809999804, 39.52636800018522], [-75.07300800018547, 39.52635500001071], [-75.07296700017758, 39.526339000272245], [-75.07292500034478, 39.52631500031126], [-75.07290199988026, 39.52629100034191], [-75.07288400033691, 39.5262680002192], [-75.07286300042051, 39.52622000023978], [-75.07285699967443, 39.52617800005736], [-75.07286199969728, 39.52614800020846], [-75.07288500016183, 39.52612099991761], [-75.07293100019258, 39.52609699988121], [-75.0729959995916, 39.52606899971286], [-75.0730519996681, 39.52603799995865], [-75.07307799960735, 39.52600800004927], [-75.07309600004902, 39.525973999997746], [-75.07309799969885, 39.52593800021032], [-75.07308799965311, 39.525909999977806], [-75.07306099988892, 39.52589199972337], [-75.07301999988104, 39.525873000296656], [-75.07295299993389, 39.525855000032635], [-75.072875999941, 39.525845000037926], [-75.07283199956007, 39.52584400017697], [-75.07279399992524, 39.52584400017697], [-75.07273200000094, 39.525838000317925], [-75.07268699979511, 39.52582400018294], [-75.0726509998101, 39.52579599990446], [-75.07262800024388, 39.525764000166326], [-75.07261200035035, 39.52571199969419], [-75.0726009995814, 39.52566200029621], [-75.07259999975648, 39.525616000319346], [-75.07261300017527, 39.52558200007584], [-75.07264099976436, 39.52554199993112], [-75.07269799966576, 39.525489999985716], [-75.07274000039688, 39.52545300008079], [-75.07276100031328, 39.5254349997079], [-75.07280399997097, 39.5253769997835], [-75.07280899999385, 39.525365999852056], [-75.07282200041264, 39.52533499978408], [-75.07282400006245, 39.52530100009591], [-75.07281900003959, 39.52526699969821], [-75.07280499979589, 39.525247000230884], [-75.07278200022967, 39.52521500023976], [-75.07274799989447, 39.525180999799964], [-75.07267500009955, 39.52511800030644], [-75.07258399986294, 39.52504200033539], [-75.07252899961136, 39.524975999709575], [-75.0725029996721, 39.5249340001606], [-75.07249000015162, 39.52487599981771], [-75.07249500017447, 39.524840000153986], [-75.0725179997407, 39.52481200017167], [-75.072551000251, 39.524787999682914], [-75.07256200012162, 39.52477999998009], [-75.0725949997336, 39.52476999983058], [-75.07264900016028, 39.52475299985026], [-75.07268799962002, 39.5247369997427], [-75.07271600010742, 39.524712999920894], [-75.07273100017605, 39.5246809996837], [-75.072735000374, 39.52463899995626], [-75.0727420000467, 39.52456499991277], [-75.07275200009244, 39.524499000219464], [-75.07277999968153, 39.52444600030483], [-75.07281800021467, 39.52439199977496], [-75.07285099982664, 39.524348000107736], [-75.07286099987239, 39.52431200017031], [-75.07286099987239, 39.52428999996835], [-75.07285000000172, 39.52426799975947], [-75.0728340001082, 39.52424999977235], [-75.07280399997097, 39.524234000241826], [-75.07276200013818, 39.524224000013696], [-75.07271000025965, 39.52422099966782], [-75.0726640002289, 39.52422900012792], [-75.07259700028175, 39.52425300011698], [-75.0725090004182, 39.52428999996835], [-75.0724399999229, 39.5243159997023], [-75.07239600044029, 39.52432599991719], [-75.07238200019657, 39.52432900025859], [-75.07233699999074, 39.52433199990687], [-75.07232100009722, 39.52433100002412], [-75.07229799963267, 39.52432900025859], [-75.0722569996248, 39.5243159997023], [-75.07223800025653, 39.52430700006201], [-75.07222200036303, 39.524283000091664], [-75.07221399996709, 39.524244999659594], [-75.07220599957117, 39.52418700012716], [-75.07220300009644, 39.524109000058274], [-75.07219300005069, 39.52398899978124], [-75.07218700020292, 39.523925000010685], [-75.07219700024865, 39.523856999929954], [-75.07221200031726, 39.52381299992376], [-75.07224499992924, 39.52377300014595], [-75.07230199983063, 39.52372999997797], [-75.0723410001887, 39.52371299974306], [-75.07237100032594, 39.523699999764396], [-75.0724380002731, 39.523676000277206], [-75.0725029996721, 39.523660999813906], [-75.07257299999229, 39.52365499976626], [-75.07267599992446, 39.52365200008873], [-75.07274799989447, 39.523653999873765], [-75.07283099973515, 39.5236460000403], [-75.07287199974304, 39.52362899978484], [-75.07289500020757, 39.52361300011124], [-75.07291299975091, 39.523581000060105], [-75.07292100014683, 39.52354299993684], [-75.07291699994887, 39.523461000256574], [-75.07291299975091, 39.52334499983362], [-75.07291699994887, 39.52319300008527], [-75.07292100014683, 39.52307699990766], [-75.07292199997175, 39.52303300010023], [-75.07292000032193, 39.52301299998952], [-75.072911999926, 39.52295699992621], [-75.0729040004284, 39.52291499984905], [-75.0728910000096, 39.52288699978348], [-75.0728769997659, 39.52286100020747], [-75.07286099987239, 39.522847000165264], [-75.0728330002833, 39.522835999833084], [-75.0727980001232, 39.5228369997374], [-75.07276799998596, 39.52284199995148], [-75.07273600019892, 39.52284800006938], [-75.07268599997019, 39.522868000227554], [-75.07261800019815, 39.52289100009053], [-75.07256999961925, 39.52289700020419], [-75.0725389996571, 39.52289000018704], [-75.07250799969496, 39.522874000343194], [-75.07249000015162, 39.52285699989874], [-75.07247699973283, 39.52282899980983], [-75.07247400025808, 39.52279700009034], [-75.07248099993078, 39.52275599982187], [-75.07253299980933, 39.522687999982395], [-75.07259399990868, 39.52262600021336], [-75.07267400027463, 39.52256899992982], [-75.07276600033614, 39.52253899990772], [-75.07284900017682, 39.522521000165405], [-75.07293200001749, 39.52250199981634], [-75.07297499967521, 39.52248200024572], [-75.0729959995916, 39.522466000307865], [-75.07300099961446, 39.52243999988131], [-75.07299399994177, 39.52241200031717], [-75.07297800004825, 39.52237999971264], [-75.07295200010898, 39.522345999963576], [-75.07294200006324, 39.52233299972908], [-75.07292399962158, 39.52231200019792], [-75.07290799972806, 39.522280000240215], [-75.07289900040553, 39.52219799976163], [-75.0728910000096, 39.522115999879084], [-75.0728910000096, 39.52206200030926], [-75.07289299965944, 39.5220240000478], [-75.07290000023043, 39.52195199982365], [-75.07291699994887, 39.52189000009057], [-75.0729460002612, 39.5218489999796], [-75.0730020003377, 39.52178500031573], [-75.07305800041419, 39.52173500016914], [-75.07310699991967, 39.521699000263084], [-75.07316899984396, 39.521667999944036], [-75.07321700042284, 39.521649999975985], [-75.07332500037788, 39.521623000015104], [-75.0734180002643, 39.521595000121636], [-75.07346400029506, 39.52156900006196], [-75.07349199988414, 39.52154100014667], [-75.07350500030293, 39.521512000296816], [-75.07351000032581, 39.52146800019079], [-75.07351000032581, 39.52145299994353], [-75.07351199997562, 39.52140200032601], [-75.07352200002138, 39.52135600029915], [-75.07353999956472, 39.521333999853724], [-75.07356499967906, 39.521320000196596], [-75.07361699955763, 39.52129400003397], [-75.07368400040309, 39.52127500004224], [-75.07376600041884, 39.52124500015409], [-75.07382300032025, 39.52121099984944], [-75.07385099990934, 39.521183999717884], [-75.07386400032814, 39.52116000005415], [-75.07387100000084, 39.52113199997403], [-75.07386599997795, 39.52111200000884], [-75.07386000013018, 39.521095999755374], [-75.07385000008445, 39.52107000020185], [-75.07382900016805, 39.521042000085394], [-75.07379800020588, 39.521003000028145], [-75.07376700024375, 39.520966999742676], [-75.07375100035024, 39.52093299999484], [-75.0737410003045, 39.52087499977523], [-75.07374899980209, 39.52083499969113], [-75.07376700024375, 39.52081099990679], [-75.07380300022876, 39.52078600018033], [-75.07384400023665, 39.52077800001651], [-75.07388799971926, 39.52077400028077], [-75.07393200010019, 39.52078199975208], [-75.07400200042039, 39.520809000039854], [-75.0740869999109, 39.52084099998241], [-75.07416300007887, 39.52086100002559], [-75.07421199958436, 39.52086399982372], [-75.07425299959223, 39.52085800022739], [-75.07428600010253, 39.520843999781356], [-75.07430700001892, 39.520818000133445], [-75.07432000043772, 39.520784000312716], [-75.0743270001104, 39.52074999978238], [-75.07433200013328, 39.52069399997319], [-75.07432600028551, 39.52063800011878], [-75.07432600028551, 39.520570000284415], [-75.0743270001104, 39.52053399977451], [-75.07432799993532, 39.520509999886166], [-75.074334999608, 39.52046300002305], [-75.07436599957016, 39.52041700006723], [-75.07439900008043, 39.52039500001734], [-75.07443800043849, 39.52038100017094], [-75.07452600030203, 39.5203739999002], [-75.0745940000741, 39.52038100017094], [-75.07463199970893, 39.52038399998975], [-75.07469100015848, 39.52038799974801], [-75.07472200012063, 39.52037699971932], [-75.07474499968684, 39.52035299977672], [-75.07475800010563, 39.5203169998473], [-75.07476999980119, 39.52028900012025], [-75.07477300017425, 39.52024100016595], [-75.07476399995342, 39.520200999716664], [-75.07474399986192, 39.5201749998281], [-75.07471200007487, 39.52015700016603], [-75.07467400044004, 39.52014799998679], [-75.07459300024918, 39.52013000031778], [-75.07452100027918, 39.520115999724986], [-75.07445900035488, 39.52009700010397], [-75.07440099973026, 39.520062999930246], [-75.07436399992034, 39.52003100032226], [-75.07432200008755, 39.51995900011087], [-75.07429500032335, 39.5198849999314], [-75.0742900003005, 39.51981899994824], [-75.07430399964588, 39.51973899992656], [-75.07433299995819, 39.51969100028514], [-75.07436100044559, 39.51965699991268], [-75.07439400005755, 39.519638000166104], [-75.0744400000883, 39.519622000266004], [-75.0745020000126, 39.51961000016532], [-75.07458300020345, 39.519608000263794], [-75.07468299976256, 39.51960900021459], [-75.07478400004489, 39.519625000117635], [-75.07486699988559, 39.51964799966864], [-75.0749179999392, 39.519668000055404], [-75.07497300019078, 39.51969000033554], [-75.07503299956694, 39.51970900006793], [-75.07508500034378, 39.5197169996619], [-75.07516200033668, 39.519712999865064], [-75.07518900010085, 39.519707000169305], [-75.07521099984216, 39.5197040003212], [-75.07526299972069, 39.519675999654105], [-75.07527799978931, 39.51965400006247], [-75.07528500036032, 39.51962600006814], [-75.07528299981219, 39.519591999663895], [-75.0752619998958, 39.51955999983887], [-75.075220000063, 39.51952600009525], [-75.07513200019946, 39.51947900025925], [-75.07507100010008, 39.51944000001733], [-75.07501199965054, 39.51940099975351], [-75.07489000035011, 39.51933200013925], [-75.07483599992344, 39.5192919998595], [-75.07479699956536, 39.51925799998469], [-75.07478099967186, 39.51922200018065], [-75.07477499982407, 39.51918399975129], [-75.07478099967186, 39.51913199989597], [-75.07480999998417, 39.51906699984881], [-75.0748610000378, 39.51901200002796], [-75.07491700011428, 39.51897100029695], [-75.07497599966553, 39.518950999709475], [-75.0750309999171, 39.51894499994795], [-75.07513100037454, 39.51894200006694], [-75.07530999957636, 39.51894899978903], [-75.07547000030823, 39.51895500024324], [-75.07555499979875, 39.51894799982878], [-75.07560400020256, 39.5189360003046], [-75.07563799963941, 39.5189159997071], [-75.07565799973092, 39.5188919999526], [-75.07566799977666, 39.518843999725846], [-75.07566299975377, 39.518797000121296], [-75.07564199983737, 39.51874999979201], [-75.07561800044625, 39.518711999797354], [-75.07558499993598, 39.51865599973095], [-75.07554899995097, 39.518597999688794], [-75.07552700020965, 39.51854800001981], [-75.07551700016391, 39.518480000218176], [-75.07552399983662, 39.51840599984889], [-75.07554700030114, 39.51834599966011], [-75.075552000324, 39.51831699986216], [-75.07555399997383, 39.518307000168], [-75.07554700030114, 39.518272999811046], [-75.07553100040761, 39.518235000248474], [-75.07549600024751, 39.51820199982726], [-75.07546500028538, 39.51818399965395], [-75.0754240002775, 39.51817599988336], [-75.0753749998737, 39.51817799982612], [-75.07531999962211, 39.518191000145414], [-75.07527399959135, 39.518202999798255], [-75.07521699968994, 39.518209000316915], [-75.07514999974279, 39.518214000171255], [-75.07509000036666, 39.518208000346014], [-75.07505400038166, 39.5181940000588], [-75.0750230004195, 39.518171999997776], [-75.07500199960478, 39.518147999986255], [-75.07499400010717, 39.518114000244466], [-75.07499099973414, 39.518081999738506], [-75.07499900013005, 39.51804999991084], [-75.07501400019868, 39.518023999910035], [-75.07503699976489, 39.51800199979516], [-75.07506500025228, 39.51798200031466], [-75.07510600026018, 39.517960000186484], [-75.07517200038241, 39.51793300017714], [-75.07527500031458, 39.5178990003301], [-75.0753759996986, 39.51787200029704], [-75.07546299973724, 39.51782999991676], [-75.07550700011817, 39.51779899994981], [-75.0755380000803, 39.51776899994626], [-75.07554800012605, 39.51773899992971], [-75.07554200027826, 39.517701000075], [-75.07553700025541, 39.51766700011441], [-75.07551600033901, 39.517631000178774], [-75.07549500042262, 39.517608999939426], [-75.07543299960001, 39.51757000003346], [-75.07533899988869, 39.51752200027908], [-75.0752409999794, 39.517484000305664], [-75.0751420002452, 39.51743899974487], [-75.07509799986425, 39.51740900027883], [-75.07507600012293, 39.517381000072504], [-75.07506000022943, 39.51733300018752], [-75.07505400038166, 39.51728300030096], [-75.07506199987924, 39.517239000287795], [-75.07508500034378, 39.517199000188675], [-75.07512299997862, 39.51717299986939], [-75.07516999983427, 39.51714700023332], [-75.07523099993364, 39.51712199988106], [-75.07527500031458, 39.51709800019976], [-75.07530100025384, 39.517065999918735], [-75.07532399982006, 39.51702399974412], [-75.07533899988869, 39.51697400032808], [-75.07535599960711, 39.51689499979147], [-75.07537099967574, 39.516826999757605], [-75.07539900016313, 39.516761000333695], [-75.07541900025463, 39.51667300031127], [-75.07543000012527, 39.516591000142796], [-75.0754319997751, 39.51651899983051], [-75.0754259999273, 39.51647700001816], [-75.07541300040684, 39.51644100015881], [-75.07538200044469, 39.516409000268126], [-75.07534899993442, 39.51639100032313], [-75.07532200017025, 39.516376999669696], [-75.07526000024596, 39.516340999758505], [-75.07518699955271, 39.51629599984326], [-75.07513499967418, 39.51625199989792], [-75.0751010002373, 39.51620199992626], [-75.07509299984137, 39.51616399992369], [-75.07509299984137, 39.5161219998967], [-75.07510500043526, 39.516077999841144], [-75.07514100042027, 39.51603399975778], [-75.07518499990289, 39.516007999695404], [-75.07524400035244, 39.51598500032509], [-75.07532999966784, 39.515961000250904], [-75.07536300017811, 39.515951000217584], [-75.0754590004376, 39.515922000112745], [-75.07554899995097, 39.51588999998298], [-75.07558300028616, 39.51586899988983], [-75.07561099987524, 39.515840999755696], [-75.07562599994385, 39.51579900022644], [-75.07562799959368, 39.515753999960076], [-75.07561800044625, 39.51570300031596], [-75.0756019996544, 39.515677000129685], [-75.07558400011105, 39.51566300002536], [-75.07553200023253, 39.515638999839986], [-75.07548500037686, 39.51561000029786], [-75.07546199991232, 39.51558600009412], [-75.07544600001881, 39.515555999827825], [-75.07544000017101, 39.51551200010679], [-75.07544000017101, 39.515450000169054], [-75.07544600001881, 39.515305999876674], [-75.07544400036898, 39.51518600032905], [-75.07545100004167, 39.51512300008505], [-75.07547299978299, 39.51509799969738], [-75.07551499961578, 39.515072999993734], [-75.07557499989022, 39.51505899976768], [-75.07565600008108, 39.51506399984875], [-75.07571499963231, 39.515088000232794], [-75.075769000059, 39.51513000019198], [-75.07579499999827, 39.515143999710695], [-75.07583199980817, 39.51514999980059], [-75.07585699992254, 39.515146999755736], [-75.07588100021198, 39.5151370002982], [-75.07590100030347, 39.51511699999283], [-75.07591499964886, 39.51508900024866], [-75.07592100039496, 39.51505299966993], [-75.07591800002191, 39.51501699976563], [-75.07590499960311, 39.51494099982929], [-75.0758960002806, 39.51487900007496], [-75.07590299995329, 39.51482799978847], [-75.0759310004407, 39.51476399989235], [-75.07595700037996, 39.51472899985922], [-75.07601900030424, 39.51467600011215], [-75.07602900034999, 39.51466999998132], [-75.07607500038074, 39.51464000001242], [-75.07613700030502, 39.51460599993964], [-75.07618900018356, 39.51458100005894], [-75.07628899974267, 39.514531000270544], [-75.07640699974344, 39.51445599982745], [-75.07654200036099, 39.5143650002715], [-75.07666299983649, 39.51428100009575], [-75.07672399993587, 39.51424499979137], [-75.07674300020243, 39.5142340001759], [-75.07675700044612, 39.51422900003509], [-75.0768250002182, 39.514204000018715], [-75.07686600022608, 39.51419599978982], [-75.07691599955648, 39.51419699981847], [-75.07694999989165, 39.51421000018979], [-75.07696499996028, 39.51421500033197], [-75.07700400031833, 39.51423700026018], [-75.07705600019688, 39.51425700012593], [-75.07709700020476, 39.51426300029238], [-75.07714099968737, 39.51426000020922], [-75.07717199964951, 39.51424599981932], [-75.07719699976386, 39.51422199983737], [-75.07721500020553, 39.514191999675], [-75.077227999726, 39.51414799978306], [-75.07723799977175, 39.514099999743195], [-75.07724000031989, 39.51404800024003], [-75.07723199992398, 39.51400000013102], [-75.07722400042636, 39.51396200030998], [-75.07720799963452, 39.51394000029468], [-75.07717900022053, 39.513916000207004], [-75.07714599971025, 39.513896000243136], [-75.0771139999232, 39.513881999779834], [-75.07707799993818, 39.513876000273456], [-75.07704500032622, 39.513881999779834], [-75.07699099989954, 39.5138950002101], [-75.07695400008961, 39.51390099971488], [-75.07692899997527, 39.51389900034202], [-75.07690999970869, 39.51388799997872], [-75.07688200011958, 39.51384900006277], [-75.07684500030967, 39.51377100016512], [-75.07682100002023, 39.51370099977373], [-75.0768050001267, 39.51363700022543], [-75.0767900000581, 39.513592999981974], [-75.07675400007308, 39.51352400014257], [-75.07672200028604, 39.51345400019534], [-75.07670399984436, 39.513413999995784], [-75.07669799999658, 39.513370000304135], [-75.07670499966929, 39.513314000089245], [-75.07671499971502, 39.513280000060476], [-75.07673800017955, 39.51325100022669], [-75.07678699968505, 39.513222999730374], [-75.07683899956358, 39.513208999824535], [-75.07689299999025, 39.51320500034593], [-75.07699000007463, 39.51319800004502], [-75.07707000044057, 39.51319199978654], [-75.07708899980884, 39.513185000177366], [-75.07712200031912, 39.51317599978774], [-75.07716800034987, 39.51314699991053], [-75.0772059999847, 39.513114999888515], [-75.07726500043424, 39.51304300013168], [-75.07732900000835, 39.512943999737814], [-75.07739799960531, 39.51285799982719], [-75.0774179996968, 39.51282200017145], [-75.0774310001156, 39.51278999999973], [-75.07745899970467, 39.51270499994861], [-75.07747600032143, 39.512629000255146], [-75.07747100029857, 39.512577000343995], [-75.07745700005486, 39.5125409998496], [-75.07744399963609, 39.512519000077305], [-75.07741299967392, 39.51249700029804], [-75.07735900014556, 39.512475999872244], [-75.07730899991687, 39.512461999815876], [-75.07727100028202, 39.51244000001857], [-75.07724399961953, 39.51240999977973], [-75.07723100009906, 39.5123760000016], [-75.07722600007618, 39.51234200020683], [-75.07723799977175, 39.512307999702415], [-75.07725600021341, 39.51228399974401], [-75.07729200019841, 39.51226199989033], [-75.07730999974176, 39.512252000017526], [-75.07734599972677, 39.5122440002569], [-75.07737199966606, 39.5122410000865], [-75.07741400039717, 39.51224899984753], [-75.07744199998626, 39.51226099983381], [-75.07748800001701, 39.512282999687805], [-75.07754999994128, 39.51231900031584], [-75.07757099985767, 39.512326000012315], [-75.07762000026149, 39.51234200020683], [-75.07763199995705, 39.51234599973512], [-75.07770300010216, 39.51236600014521], [-75.07776000000356, 39.51237199978203], [-75.07780100001145, 39.51236900031021], [-75.07785500043813, 39.51235899975977], [-75.07788899987499, 39.512339000040704], [-75.07793499990575, 39.51230500022783], [-75.07796800041604, 39.51227399987437], [-75.07800400040105, 39.51223399968846], [-75.07802699996726, 39.51219400017257], [-75.078037000013, 39.51215800017276], [-75.07804200003588, 39.512101999673966], [-75.07803100016523, 39.512054000299564], [-75.07801500027168, 39.51198400025726], [-75.07799099998226, 39.51194199978218], [-75.07797599991363, 39.511914000144415], [-75.07795199962418, 39.51188799992608], [-75.0779030001187, 39.51184500002355], [-75.07785600026304, 39.51180699971682], [-75.07780900040737, 39.51177300033665], [-75.07777199969912, 39.511734999990495], [-75.07775400015579, 39.51170099988203], [-75.07774900013291, 39.511656999798554], [-75.07776099982848, 39.511626999914654], [-75.07778400029302, 39.511597000017815], [-75.07782399957766, 39.51155700013518], [-75.077896000446, 39.511499999777485], [-75.07795699964706, 39.511436000280725], [-75.07798299958634, 39.51138600030796], [-75.07799299963207, 39.51133400015951], [-75.07799000015734, 39.51128799970254], [-75.07797599991363, 39.511226000153336], [-75.07796099984502, 39.511193999939614], [-75.07793400008084, 39.51116800014491], [-75.07790099957057, 39.51114599993791], [-75.07785399971489, 39.51113599990448], [-75.07780199983637, 39.51113399975898], [-75.07777099987423, 39.511136999977175], [-75.07771700034586, 39.51115299975251], [-75.07767600033799, 39.511180999696975], [-75.07764500037584, 39.51121099977345], [-75.07760400036796, 39.511255000139386], [-75.0775659998348, 39.51128400011334], [-75.07753499987267, 39.51129799971408], [-75.0774810003443, 39.51132200001311], [-75.07743500031356, 39.5113360002992], [-75.07737800041215, 39.51134099995517], [-75.07732900000835, 39.511335000229366], [-75.07727399975677, 39.51131899980294], [-75.0772269999011, 39.511297000336754], [-75.07720400033487, 39.51128199997215], [-75.07716999999968, 39.511246000192834], [-75.07714700043346, 39.51120199982115], [-75.07713599966449, 39.5111580001147], [-75.07713800021263, 39.51112599986961], [-75.0771509997331, 39.511104000342314], [-75.07717900022053, 39.51107500029323], [-75.07721000018266, 39.51104899976099], [-75.07726000041136, 39.51101700015876], [-75.07731700031277, 39.51098499984872], [-75.0773469995517, 39.51095499967465], [-75.07737800041215, 39.51091099981174], [-75.07740900037429, 39.51085799992415], [-75.07742100006986, 39.51081999977065], [-75.0774240004429, 39.51079299975835], [-75.07742600009271, 39.510777999977996], [-75.07742100006986, 39.51073600016001], [-75.07741000019921, 39.510694000316576], [-75.07740400035142, 39.51064200034328], [-75.07741199984903, 39.51059999975001], [-75.0774319999405, 39.51053800027993], [-75.07745799987978, 39.51048600018983], [-75.07751200030644, 39.510401000092095], [-75.07753499987267, 39.510354999710465], [-75.0775370004208, 39.51032299978865], [-75.07752900002488, 39.51028700020545], [-75.07751099958324, 39.510256999730004], [-75.07742000024494, 39.51020600020882], [-75.07737599986402, 39.51018000004439], [-75.07732900000835, 39.51013400020951], [-75.0773049997189, 39.510100000010645], [-75.0772970002213, 39.51005999995924], [-75.07730200024417, 39.510017999707166], [-75.07731999978752, 39.509981999965994], [-75.07734300025206, 39.50995799989711], [-75.07736400016844, 39.509941999846596], [-75.07739699978042, 39.50992900006277], [-75.07744600018422, 39.509921000034666], [-75.07747999962108, 39.509921000034666], [-75.07753900007062, 39.50992900006277], [-75.07761600006353, 39.50994999987234], [-75.07767200014003, 39.50995799989711], [-75.07771899999567, 39.50995400023135], [-75.07776500002645, 39.50993999966678], [-75.07780400038449, 39.50991899985418], [-75.07784200001934, 39.50988300006171], [-75.07786499958556, 39.50984700025055], [-75.07787299998148, 39.50980299968596], [-75.0778670001337, 39.50976500034156], [-75.07784899969202, 39.509725000097276], [-75.07781799972987, 39.50968700001714], [-75.07776599985135, 39.509659000163666], [-75.07765600024649, 39.509611999889216], [-75.0776140004137, 39.50959200007244], [-75.07758900029934, 39.50958000031824], [-75.07754200044369, 39.50954800003944], [-75.07749600041294, 39.50950700026717], [-75.07747200012346, 39.50946300018034], [-75.07745600022996, 39.509421000260474], [-75.0774529998569, 39.50937700011919], [-75.07746100025281, 39.50934300024296], [-75.07748899984192, 39.50930000015143], [-75.07753900007062, 39.509255999933515], [-75.07756099981194, 39.50923900031442], [-75.07762600010928, 39.50919199975582], [-75.07765700007141, 39.50916100009255], [-75.07766999959189, 39.50913899994307], [-75.07767700016291, 39.509101000235525], [-75.07767399978984, 39.5090569998916], [-75.07766200009429, 39.50901499972637], [-75.07761900043657, 39.50895900015956], [-75.07756199963684, 39.50890999989517], [-75.07739799960531, 39.50881799989948], [-75.07724000031989, 39.50874499974092], [-75.07715400010618, 39.50871000014085], [-75.07710800007541, 39.508696000018695], [-75.0770589996716, 39.50869000006443], [-75.07699400027259, 39.50868199989367], [-75.07692700032544, 39.50867900026254], [-75.07685600018033, 39.508656999960444], [-75.07683899956358, 39.50865100000286], [-75.07678699968505, 39.508622999731905], [-75.07675300024817, 39.50859099970544], [-75.07671899991298, 39.508550000061504], [-75.07670300001945, 39.508521999749846], [-75.07669799999658, 39.508470000230226], [-75.07670800004232, 39.5084380001333], [-75.07672800013381, 39.5084169998668], [-75.07676699959354, 39.50839299995042], [-75.0768040003018, 39.5083789997644], [-75.07690200021109, 39.50835100007687], [-75.07696400013535, 39.5083280002509], [-75.07700500014325, 39.5083020000768], [-75.07709499965661, 39.50823700029215], [-75.07717699967239, 39.508172999868954], [-75.07720199978674, 39.508147999752595], [-75.07721000018266, 39.50813900009663], [-75.07723100009906, 39.50810099984219], [-75.07723799977175, 39.50805899979215], [-75.07723299974887, 39.508012999939254], [-75.07721900040349, 39.50798299986809], [-75.07720099996182, 39.50796300027551], [-75.07716599980172, 39.50794299998408], [-75.07711800012116, 39.50792299968694], [-75.07706899971735, 39.50791699966598], [-75.07702000021187, 39.50791600023997], [-75.07695300026472, 39.50792200026102], [-75.07687799992163, 39.507929999826246], [-75.07681900037039, 39.50793699996484], [-75.07676400011883, 39.507933000182746], [-75.0767199997379, 39.507918999904035], [-75.07668899977574, 39.50790099983852], [-75.07666299983649, 39.507870999719046], [-75.0766419999201, 39.50782499974165], [-75.07663100004943, 39.50777100015125], [-75.07663100004943, 39.50771300003104], [-75.07665100014093, 39.507645000019636], [-75.07668899977574, 39.50758500023968], [-75.07673200033177, 39.50752900021353], [-75.07678500003523, 39.50747800007616], [-75.07688700014246, 39.50739100020391], [-75.07696999998315, 39.5073179999323], [-75.07700599996815, 39.50728599999794], [-75.07704799980095, 39.5072459997127], [-75.07712399996893, 39.507174000111604], [-75.07718000004542, 39.507129999933625], [-75.07722400042636, 39.50710600026583], [-75.07726500043424, 39.50709000025169], [-75.07730399989399, 39.50708500028982], [-75.07734499990188, 39.507090999689524], [-75.0773609997954, 39.50710299987362], [-75.07737599986402, 39.50711700031673], [-75.07740500017633, 39.5071609998099], [-75.07742899956747, 39.507217000132655], [-75.07745000038219, 39.507252999920254], [-75.07746799992552, 39.50726700033315], [-75.07750700028359, 39.5072889996892], [-75.07754099972045, 39.50729599989238], [-75.07757400023074, 39.50729999971114], [-75.07762600010928, 39.50729599989238], [-75.07765399969836, 39.507289999817274], [-75.07767499961474, 39.50727600010206], [-75.07769600042946, 39.50724400014836], [-75.07773300023939, 39.50716699989614], [-75.0777690002244, 39.507080999765584], [-75.07779400033876, 39.507018999927816], [-75.07782500030089, 39.506957000034745], [-75.07785799991285, 39.50691899982701], [-75.07792099966204, 39.50686000024754], [-75.07797699973854, 39.50680400033023], [-75.07799500018021, 39.506778000279006], [-75.07800199985292, 39.50674200024532], [-75.07800699987577, 39.50666600026698], [-75.078001000028, 39.50662199976728], [-75.07798299958634, 39.50657199979573], [-75.0779590001952, 39.506534000070566], [-75.07788399985213, 39.506464000011675], [-75.07776400020153, 39.506371000101645], [-75.07766899976697, 39.50629900028703], [-75.07754200044369, 39.506221999680754], [-75.07747499959822, 39.506199999986904], [-75.07743299976543, 39.50618600005209], [-75.07738400025993, 39.50618200016926], [-75.07731700031277, 39.506174999853805], [-75.07723699994683, 39.50616899968191], [-75.07718199969526, 39.506160999914], [-75.0771490000833, 39.506149000260336], [-75.07711700029624, 39.5061259997055], [-75.07710200022763, 39.50610199969095], [-75.0770939998317, 39.50606600000018], [-75.07710100040272, 39.50602000021412], [-75.07712700034199, 39.505981000040144], [-75.07716499997683, 39.50594900018316], [-75.07720900035775, 39.505918999914044], [-75.07725299984037, 39.50589700012427], [-75.07730899991687, 39.50587199988217], [-75.07733300020631, 39.5058619997828], [-75.07738099988688, 39.50583600007223], [-75.07743299976543, 39.505805999754294], [-75.07748399981904, 39.505760999946204], [-75.07754300026858, 39.50570899974664], [-75.07757900025359, 39.5056769997644], [-75.07762799975909, 39.50563500032856], [-75.07767999963762, 39.50559800024338], [-75.07780100001145, 39.50553999969564], [-75.07788100037739, 39.505500999945404], [-75.07793999992862, 39.50546300032764], [-75.07800199985292, 39.50540699997759], [-75.078037000013, 39.50534799980748], [-75.07806299995228, 39.50530200023927], [-75.07806999962496, 39.50525400032584], [-75.07806200012736, 39.505210000318314], [-75.0780439996857, 39.50518800030413], [-75.07800199985292, 39.505162000341386], [-75.07792700040814, 39.505143000095856], [-75.07785200006508, 39.5051310002664], [-75.0777559998056, 39.505126000163585], [-75.07769700025437, 39.50512200021969], [-75.07763299978195, 39.505134000050695], [-75.07758400027647, 39.505144000254816], [-75.07752400000201, 39.505165000124286], [-75.07747999962108, 39.505187000145796], [-75.07740099997838, 39.50523100016788], [-75.0773390000541, 39.50525400032584], [-75.07728700017555, 39.50526600013405], [-75.07723100009906, 39.50526600013405], [-75.07716599980172, 39.50525700010481], [-75.07711700029624, 39.50523699972765], [-75.07702100003677, 39.5051809998886], [-75.07695300026472, 39.50512799978892], [-75.07689299999025, 39.505057999699964], [-75.07685899965506, 39.50498999986286], [-75.07685100015745, 39.504950000335334], [-75.07685500035541, 39.504902000178774], [-75.07687299989877, 39.50486000027449], [-75.07689899983804, 39.50483599982271], [-75.07694300021896, 39.50481099989202], [-75.07703000025761, 39.50476700029713], [-75.07712599961876, 39.504732000079656], [-75.07723500029702, 39.5047000003407], [-75.0772489996424, 39.50469599967914], [-75.07732499981039, 39.50466799989382], [-75.07738099988688, 39.50464199973652], [-75.07739599995548, 39.504634999959066], [-75.07744700000913, 39.50460300017544], [-75.07752499982693, 39.504570000209824], [-75.07756800038294, 39.504555999946625], [-75.07760900039084, 39.50454799999298], [-75.07764799985057, 39.50454000003846], [-75.07773200041447, 39.50452500029449], [-75.07784299984424, 39.50451100002223], [-75.07794400012658, 39.50450400023158], [-75.078001000028, 39.504493999935356], [-75.0780500004318, 39.5044700000503], [-75.07806600032532, 39.504455000291216], [-75.07808499969359, 39.504437000021575], [-75.07810599960997, 39.504413000116834], [-75.07811900002876, 39.504377000244155], [-75.07812300022673, 39.50434300000074], [-75.0781149998308, 39.50431699972185], [-75.07809700028746, 39.50429699976728], [-75.07807399982292, 39.5042809997995], [-75.07804299986078, 39.504267000171204], [-75.07801899957133, 39.50426300017785], [-75.07798599995938, 39.5042559996691], [-75.07789999974564, 39.504246000030314], [-75.07782500030089, 39.504238000041035], [-75.07778900031589, 39.50422700022747], [-75.07775300033087, 39.50419900025318], [-75.07771599962263, 39.50416099992353], [-75.07768700020864, 39.50410099990781], [-75.07767899981272, 39.50404300018998], [-75.07768600038372, 39.503959000010916], [-75.07771899999567, 39.50387300006893], [-75.07776800039949, 39.503805999943665], [-75.07780000018654, 39.50377799979975], [-75.07781400043024, 39.50376599973465], [-75.07783500034664, 39.5037530001816], [-75.07785100024017, 39.50374399995641], [-75.0778899996999, 39.50372799986131], [-75.07797000006585, 39.50370499989139], [-75.07808300004375, 39.503688999787244], [-75.0781630004097, 39.50368199991385], [-75.07826399979372, 39.50369200032692], [-75.07835199965727, 39.503707000250685], [-75.07844999956656, 39.50371699996702], [-75.07852499990963, 39.503712999942024], [-75.07856599991753, 39.50369999968597], [-75.07859500022983, 39.503680000246916], [-75.0786150003213, 39.503649999691355], [-75.07862500036707, 39.50361000008568], [-75.07862199999401, 39.50355199995808], [-75.07861899962094, 39.503451999719964], [-75.07862299981893, 39.50335799975309], [-75.07862500036707, 39.50326199998016], [-75.07861399959809, 39.50321999977786], [-75.0785929996817, 39.50319600014598], [-75.0785519996738, 39.503171999812665], [-75.07847600040415, 39.5031419997309], [-75.07841399958156, 39.50311699988396], [-75.07835400020542, 39.50308600028303], [-75.07830700034974, 39.50305699966004], [-75.07826200014391, 39.5030249998429], [-75.0782129997401, 39.502966999920204], [-75.0781919998237, 39.50291999997123], [-75.07818599997591, 39.50286700022662], [-75.07819400037184, 39.50282700017024], [-75.07821100009028, 39.502802999709495], [-75.07824200005241, 39.502783000012364], [-75.07829399993095, 39.50276699969596], [-75.07834499998458, 39.502760999922955], [-75.07841299975665, 39.50275800003623], [-75.07848999974954, 39.502763999809545], [-75.07855699969669, 39.5027719999685], [-75.07864000043568, 39.50276699969596], [-75.07869700033707, 39.50275900022957], [-75.07875099986545, 39.50274500029468], [-75.0787969998962, 39.50272199999944], [-75.07883299988121, 39.50269800019558], [-75.07887200023927, 39.50265999973826], [-75.07890099965327, 39.502616000167755], [-75.07892099974477, 39.502574000268204], [-75.07892900014068, 39.50253999983584], [-75.07892499994271, 39.50252299995997], [-75.07892099974477, 39.502501999985284], [-75.07889999982837, 39.50246599981583], [-75.07885799999558, 39.50242799992482], [-75.0788189996375, 39.50238800030892], [-75.07878799967537, 39.50233599966483], [-75.07877699980472, 39.50229599999599], [-75.07877400032999, 39.50223999986643], [-75.07878100000268, 39.50219199991752], [-75.07880399956889, 39.502124000048646], [-75.07883500042935, 39.502080000138804], [-75.07884499957679, 39.50206600006713], [-75.07888300010993, 39.50203099987565], [-75.07892699959254, 39.50200099999451], [-75.07897299962329, 39.50198299978235], [-75.07904499959331, 39.50195599980201], [-75.07914099985278, 39.50191599991445], [-75.07919000025659, 39.50189599996202], [-75.07927499974708, 39.501854999833704], [-75.07934900026525, 39.50181099975356], [-75.07940799981647, 39.50176199999385], [-75.07945300002231, 39.50172499992609], [-75.07969900006962, 39.501433999736776], [-75.07970900011536, 39.50142099974752], [-75.07972900020684, 39.50137899981897], [-75.0797419997273, 39.50133200018241], [-75.07976199981881, 39.501251999666025], [-75.0797690003898, 39.501177999660946], [-75.07976000016897, 39.50108200034246], [-75.07974699975018, 39.50101200033706], [-75.07972199963584, 39.50095199968218], [-75.0797059997423, 39.50092000028211], [-75.07968200035117, 39.50088200023898], [-75.0796429999931, 39.50082900032649], [-75.07960899965794, 39.50076699976293], [-75.07957500022106, 39.500704999837176], [-75.07954900028177, 39.50063899965419], [-75.07951400012169, 39.500561000176326], [-75.0794799997865, 39.50049499985665], [-75.07944899982435, 39.500447000088876], [-75.07940100014378, 39.500390000321595], [-75.07939100009804, 39.500378999899034], [-75.0793109997321, 39.5002819999412], [-75.0792610004017, 39.50019600030125], [-75.07922899971634, 39.50009799985646], [-75.07922600024159, 39.50007399983966], [-75.07922600024159, 39.50004999981452], [-75.07923600028734, 39.49999399995479], [-75.07925700020373, 39.49993800004989], [-75.07929599966349, 39.49988800012142], [-75.07932199960274, 39.49983599968636], [-75.0793380003946, 39.499777000331946], [-75.07934500006729, 39.4996869998105], [-75.07932999999868, 39.499616000241076], [-75.07931199955699, 39.499543000120084], [-75.07928399996791, 39.49949899996263], [-75.07923700011224, 39.49943400026194], [-75.07919899957909, 39.499405000194564], [-75.07908999979915, 39.49939000003548], [-75.0790150003544, 39.49939799988969], [-75.07894300038438, 39.49941900010907], [-75.07889200033074, 39.499446999929674], [-75.07884399975185, 39.49946899968175], [-75.07880500029212, 39.49948500006418], [-75.07875400023849, 39.49949899996263], [-75.0787059996596, 39.49950399977712], [-75.07868700029134, 39.49950399977712], [-75.07866100035208, 39.49948999987973], [-75.07864299991041, 39.49947199971043], [-75.07863299986467, 39.49944299965891], [-75.07863000038992, 39.49940899977433], [-75.07863299986467, 39.499380999938474], [-75.07864700010838, 39.4993310003025], [-75.07866100035208, 39.49929699966994], [-75.07868599956812, 39.49925600008795], [-75.07872099972822, 39.4992220001119], [-75.07878900039859, 39.49917700019961], [-75.07884799994982, 39.49914399973703], [-75.07889800017855, 39.49911599979442], [-75.07893699963829, 39.499093999930615], [-75.07896500012569, 39.49907399985931], [-75.07898299966902, 39.49905699982885], [-75.07901100015646, 39.499024000002485], [-75.07903600027079, 39.498964999958886], [-75.07904999961617, 39.498910000166795], [-75.07905999966192, 39.49882900007868], [-75.07907300008073, 39.49874300002731], [-75.07907999975342, 39.49868199993443], [-75.07908300012646, 39.49860199983374], [-75.07907499973054, 39.49854900026224], [-75.07903899974553, 39.49849400014099], [-75.07901000033154, 39.49846400011953], [-75.07896000010281, 39.49842799993807], [-75.07888399993482, 39.49840299978181], [-75.07882000036074, 39.49838999991883], [-75.07875599988832, 39.49839499981309], [-75.07871300023061, 39.49841200000545], [-75.07866600037494, 39.49844000023166], [-75.07861299977317, 39.49849299988632], [-75.07856000006973, 39.49854900026224], [-75.0785309997574, 39.49857399967279], [-75.07849899997038, 39.498587999754676], [-75.0784599996123, 39.49859099982139], [-75.0784169999546, 39.498589000007975], [-75.0783809999696, 39.49857499992629], [-75.07834099978662, 39.498549999822906], [-75.07830899999956, 39.49852200033415], [-75.07829099955791, 39.498494999702444], [-75.0782760003876, 39.49845300008529], [-75.0782760003876, 39.49841699989813], [-75.07828999973299, 39.49837599979701], [-75.0783180002204, 39.498313999818016], [-75.0783609998781, 39.49827299965615], [-75.0784179997795, 39.49822499974027], [-75.07848899992462, 39.49818299995997], [-75.07859600005473, 39.49814100015429], [-75.0786350004128, 39.49812699998238], [-75.07867100039782, 39.498112999807645], [-75.07868899994116, 39.498096000235336], [-75.07870999985757, 39.49806299995274], [-75.07871300023061, 39.497998999864166], [-75.07870300018487, 39.49788799983077], [-75.07868200026849, 39.49782400027423], [-75.07865499960596, 39.497769000272505], [-75.07864600028347, 39.49775899970037], [-75.07861199994828, 39.49772499968526], [-75.07855500004686, 39.49769199991972], [-75.0785369996052, 39.49768399986917], [-75.07849300012258, 39.49766400008536], [-75.07842500035052, 39.49763199986477], [-75.0783819997945, 39.497597999787544], [-75.07835699968014, 39.497560000007745], [-75.07834499998458, 39.49751299986825], [-75.07833800031187, 39.4974600001596], [-75.07834499998458, 39.49742100003423], [-75.07836599990097, 39.49737399980079], [-75.07840799973376, 39.49732400010751], [-75.07843100019831, 39.49730199967652], [-75.07845100028979, 39.4972819997828], [-75.07849700032054, 39.49724599968238], [-75.07851800023694, 39.49722300034012], [-75.07853599978029, 39.497195000316836], [-75.07854599982602, 39.49714799993059], [-75.07853900015334, 39.49709600021838], [-75.07850300016833, 39.497046000325135], [-75.07844899974165, 39.497005000108594], [-75.07837699977163, 39.496973999861126], [-75.07824000040259, 39.496943000293086], [-75.07816599988443, 39.496928999879835], [-75.07813800029535, 39.49692399988013], [-75.07805299990653, 39.49690200001575], [-75.07795199962418, 39.49686300027051], [-75.07786200011081, 39.49683000009575], [-75.07781600008006, 39.49681899980298], [-75.07776800039949, 39.49681599965979], [-75.07774900013291, 39.49681599965979], [-75.07767600033799, 39.49681699993858], [-75.07759299959899, 39.49682800023172], [-75.07749300003987, 39.49685699998785], [-75.07744899965894, 39.49688300028479], [-75.0774310001156, 39.49689399987428], [-75.07737900023707, 39.496938000294335], [-75.07731999978752, 39.496938000294335], [-75.07726600025916, 39.496930000157], [-75.07716099977885, 39.49691200001797], [-75.0770650004177, 39.49688200000694], [-75.07704199995317, 39.496875999725916], [-75.0769809998538, 39.49684800025607], [-75.07689100034042, 39.496785000021234], [-75.0767830003854, 39.49665500033559], [-75.07676099974577, 39.496625999801985], [-75.0766560001638, 39.4964839998829], [-75.0765580002545, 39.49635699979748], [-75.07647100021586, 39.4962289998859], [-75.07640699974344, 39.49610799968242], [-75.07639900024586, 39.49608899973445], [-75.07638800037519, 39.49606600000937], [-75.07634200034444, 39.495916999677334], [-75.07631600040516, 39.495796999917424], [-75.07630899983417, 39.49576900001296], [-75.07630200016146, 39.49574199969832], [-75.07627700004711, 39.49563699991538], [-75.07625399958258, 39.49554499967809], [-75.07620400025218, 39.495342999679366], [-75.07616599971904, 39.4952469999272], [-75.07612300006132, 39.495216000282184], [-75.07606500033499, 39.49516599972991], [-75.07602900034999, 39.49509999983313], [-75.07601099990833, 39.49499699969046], [-75.07599900021276, 39.49489700031455], [-75.07599099981684, 39.49482499970431], [-75.07597499992332, 39.49470899998927], [-75.07595300018201, 39.49461199974429], [-75.07592399986969, 39.494540000225285], [-75.07585899957236, 39.49443500001327], [-75.07574300011972, 39.49430500009218], [-75.07557099969226, 39.49411700024559], [-75.07546799976011, 39.493988000049356], [-75.07535700033034, 39.49400400030702], [-75.07529600023096, 39.494012999713824], [-75.07510399971204, 39.49401599997798], [-75.07501000000072, 39.49399399988647], [-75.07492100031224, 39.493947999735695], [-75.0748619998627, 39.49390400019596], [-75.07480400013638, 39.493856000036104], [-75.07473999966396, 39.493801999989934], [-75.07467699991477, 39.493747999901814], [-75.07459800027206, 39.493687999908786], [-75.07455200024131, 39.49364600016013], [-75.0744810000962, 39.49357300000843], [-75.07446299965453, 39.493546999859916], [-75.0744259998446, 39.493495000226986], [-75.07446799967741, 39.4934239998788], [-75.07454300002047, 39.49336100000704], [-75.07457099960956, 39.4933380000727], [-75.07466199984617, 39.49328899988569], [-75.07470500040218, 39.49323300012485], [-75.07471700009775, 39.493152999992176], [-75.0747060002271, 39.49305500001609], [-75.07464199975468, 39.49300100004099], [-75.07458999987614, 39.49294599968946], [-75.07451100023343, 39.492925000287386], [-75.0743689999432, 39.49292999988155], [-75.07419400004102, 39.49287300018923], [-75.07407299966718, 39.49281399977745], [-75.07401300029105, 39.49277200019403], [-75.07396499971216, 39.49273399985583], [-75.07392000040463, 39.492690000240955], [-75.07390299978788, 39.49267300003571], [-75.0738750001988, 39.49263500033665], [-75.07385299955916, 39.49259299995184], [-75.07382999999294, 39.49252600004473], [-75.07382199959703, 39.49246599969032], [-75.07381400009943, 39.49238600006151], [-75.07382300032025, 39.49232600027947], [-75.07383500001582, 39.49228199971315], [-75.07385000008445, 39.49224199980441], [-75.07388199987147, 39.49220500021492], [-75.07390100013805, 39.49219300023144], [-75.07392600025241, 39.492177999902516], [-75.0739880001767, 39.492147000275494], [-75.07405099992589, 39.492127000285116], [-75.07407799969006, 39.49211799994098], [-75.07409199993377, 39.49211399994171], [-75.07410700000239, 39.492107999942334], [-75.07419599969084, 39.49207100028159], [-75.0742359998738, 39.49205399992494], [-75.07422599982806, 39.49203700025743], [-75.0742140001325, 39.49201599988755], [-75.07416399990379, 39.491931000075354], [-75.07412000042117, 39.49185800020258], [-75.07405799959858, 39.49174599971705], [-75.07404000005523, 39.4917109998749], [-75.07390799981076, 39.4916020002141], [-75.07386400032814, 39.49158299972785], [-75.07381499992432, 39.49157800003689], [-75.07373999958126, 39.491553999851334], [-75.07370799979421, 39.49151299986192], [-75.07369699992356, 39.49147100018577], [-75.07373899975634, 39.49141300032727], [-75.07383500001582, 39.49137099989751], [-75.0739170000316, 39.49136499983402], [-75.0739329999251, 39.491370000233566], [-75.07401800031393, 39.491358999770014], [-75.07408299971293, 39.49136099979143], [-75.07414499963721, 39.491372999918525], [-75.07424199972161, 39.49138599970728], [-75.07434999967663, 39.4913970001665], [-75.07437200031626, 39.49139599980972], [-75.07439700043061, 39.4913970001665], [-75.07455700026418, 39.49138999974844], [-75.07463199970893, 39.491383000022886], [-75.07470399967896, 39.49137600029662], [-75.07477200034933, 39.491370000233566], [-75.07482599987769, 39.49135800010594], [-75.07489299982484, 39.49132799977782], [-75.07494999972624, 39.49129400008356], [-75.07502099987136, 39.491240999792964], [-75.07506000022943, 39.491198999952566], [-75.07509899968916, 39.491155000059514], [-75.07512399980352, 39.491101999662945], [-75.07515399994075, 39.49098899967661], [-75.07515800013871, 39.490908000064216], [-75.07514899991787, 39.49082699966424], [-75.0751299996513, 39.490777000114804], [-75.07510500043526, 39.490754999691596], [-75.07507399957481, 39.49073599966714], [-75.07506199987924, 39.49072800020261], [-75.07498300023654, 39.49070599976389], [-75.07489700002282, 39.49066999972424], [-75.07482900025074, 39.49063999979251], [-75.07478200039506, 39.490609999847855], [-75.0747279999684, 39.490560000142374], [-75.07468399958746, 39.49050799966182], [-75.07465199980041, 39.490457999882985], [-75.07464099992977, 39.49041400021426], [-75.07463300043216, 39.49035299974517], [-75.07463599990689, 39.49028300002737], [-75.0746500001506, 39.490211000184665], [-75.07467100006699, 39.49015799976177], [-75.0747060002271, 39.49008599978962], [-75.07475200025785, 39.490008000255635], [-75.07479400009065, 39.48995199993182], [-75.07483000007565, 39.48991899994274], [-75.07487299973336, 39.489899000004776], [-75.07493300000782, 39.48988800000177], [-75.07501900022153, 39.4898819998103], [-75.07509100019156, 39.489892999814266], [-75.07516999983427, 39.48991200006909], [-75.07522699973568, 39.489914000132124], [-75.07528100016236, 39.489910999690935], [-75.07531600032246, 39.48989200012911], [-75.07535599960711, 39.48985799973264], [-75.07540500001092, 39.4897829996964], [-75.07542099990445, 39.48973300008947], [-75.07542000007953, 39.48969700023931], [-75.07540500001092, 39.489651999707135], [-75.07537999989655, 39.489619000268945], [-75.07535700033034, 39.48960200000602], [-75.0753339998658, 39.48958400004935], [-75.07526500026884, 39.48956400001504], [-75.0752409999794, 39.48956400001504], [-75.07519099975067, 39.489559999868824], [-75.0751420002452, 39.48955700010564], [-75.0750669999021, 39.48953400029933], [-75.07502500006933, 39.48951099979219], [-75.07497999986349, 39.48948599989542], [-75.0749460004266, 39.4894330003064], [-75.07492700016002, 39.489420000152535], [-75.07488799980197, 39.48939399983746], [-75.07482699970261, 39.48937500013432], [-75.07479200044082, 39.489375999826954], [-75.0746929998083, 39.48939899968548], [-75.07461900018846, 39.489413000228645], [-75.07456200028705, 39.48941399992068], [-75.07449000031703, 39.489393000145085], [-75.07443300041562, 39.48935799981178], [-75.07439700043061, 39.4893390000988], [-75.07437200031626, 39.4893140001402], [-75.07434300000394, 39.48926699997183], [-75.07433899980596, 39.48923299996302], [-75.07434200017902, 39.4891829999606], [-75.07437099959301, 39.48913900017833], [-75.07440599975313, 39.48910500010686], [-75.0744740004235, 39.48905500001245], [-75.07451399970816, 39.489025999774796], [-75.07454800004335, 39.489016000024726], [-75.07462300038642, 39.488995999826976], [-75.07472399977044, 39.48898199989312], [-75.07482400022786, 39.48897299983514], [-75.07492799998494, 39.48897499992514], [-75.07500599980276, 39.488986000072586], [-75.07504799963554, 39.4889889998604], [-75.07508500034378, 39.48899099994998], [-75.0751420002452, 39.48898499968111], [-75.07518900010085, 39.48896799995645], [-75.07521699968994, 39.48894299986445], [-75.07524900037531, 39.48890700029855], [-75.07526699991865, 39.488854000268184], [-75.07526400044392, 39.48880199989832], [-75.07524600000225, 39.48872700010959], [-75.07522900028383, 39.48869499993478], [-75.07519900014661, 39.48863600013713], [-75.07516999983427, 39.48859699991444], [-75.075143999895, 39.48854400034108], [-75.07512899982639, 39.488469000274016], [-75.07510700008507, 39.48836699972031], [-75.07508100014583, 39.48829499997344], [-75.07504099996285, 39.488204000128896], [-75.07498300023654, 39.48811500028003], [-75.07495999977199, 39.48808099970787], [-75.07492200013716, 39.488020999677175], [-75.07488899962688, 39.48796900007089], [-75.07485299964186, 39.48789800031903], [-75.07482300040296, 39.48780999979361], [-75.07476999980119, 39.4876169997403], [-75.07473100034146, 39.48752099971906], [-75.0747060002271, 39.48747899971142], [-75.07466600004413, 39.48744599993525], [-75.07461099979254, 39.48742699969981], [-75.07436499974524, 39.48741899985459], [-75.07435300004968, 39.487416999719784], [-75.07431700006467, 39.487403000161315], [-75.07427000020898, 39.487363999940314], [-75.07423699969873, 39.48731699984048], [-75.07420800028471, 39.487244999699634], [-75.07418999984304, 39.48717000031138], [-75.07418599964508, 39.48710700031904], [-75.07419599969084, 39.48707599981764], [-75.07423099985094, 39.487037000106554], [-75.07426600001104, 39.48700699999394], [-75.0742919999503, 39.48697600014127], [-75.07429899962301, 39.486946000002284], [-75.074306000194, 39.48691500012241], [-75.0742910001254, 39.48685400005005], [-75.07425799961511, 39.486792999924226], [-75.07424000007177, 39.48677400020368], [-75.07419900006389, 39.48673100001425], [-75.07418900001815, 39.48672099993413], [-75.07412299989589, 39.48668299975524], [-75.07404699972793, 39.48662799995214], [-75.07400400007022, 39.486591999881014], [-75.07395700021456, 39.48654499995265], [-75.0739460003439, 39.48650899983855], [-75.0739460003439, 39.48648400024903], [-75.07395300001659, 39.486442000308344], [-75.07397800013095, 39.4864140001027], [-75.0740519997508, 39.48637799992073], [-75.07410600017748, 39.486361000252025], [-75.07414899983517, 39.486343999885904], [-75.07420599973659, 39.48632200013993], [-75.07424500009465, 39.48630499976422], [-75.07426699983596, 39.486296000053066], [-75.07429899962301, 39.48628500017333], [-75.07433399978311, 39.48625199983053], [-75.0743480000268, 39.48621299965725], [-75.07435499969951, 39.486163000256475], [-75.07433700015613, 39.48610500013], [-75.07429699997317, 39.48604699995514], [-75.07423900024685, 39.48600199983398], [-75.0741089996522, 39.485913999682325], [-75.0739329999251, 39.485815000158595], [-75.07381300027451, 39.48574400028731], [-75.07370899961913, 39.48568899974155], [-75.07358999979343, 39.48564499982825], [-75.0734750001657, 39.485611999875], [-75.07339999982264, 39.48559599976601], [-75.07335700016493, 39.485581999840896], [-75.07329600006557, 39.4855439997329], [-75.07325199968463, 39.485496999789525], [-75.07320900002692, 39.48543899980089], [-75.07318300008764, 39.485374999876804], [-75.07317899988969, 39.48531399984019], [-75.07318899993545, 39.48524199970539], [-75.0732140000498, 39.48519500025123], [-75.07325699970751, 39.48514700031862], [-75.07329600006557, 39.485128000148336], [-75.073348999769, 39.48512200023945], [-75.07338899995197, 39.48511900028481], [-75.07342499993699, 39.485128000148336], [-75.07348600003637, 39.485154999731904], [-75.07353999956472, 39.48517699984708], [-75.07359300016648, 39.485187000149175], [-75.07366500013651, 39.48519000010088], [-75.07371899966486, 39.485181000245426], [-75.07377200026663, 39.48515900013152], [-75.07382599979498, 39.48512000003863], [-75.07385400028241, 39.48507799996741], [-75.07387100000084, 39.4850109997518], [-75.07387799967353, 39.48495300005114], [-75.07386599997795, 39.48490400019458], [-75.0738409998636, 39.484856000061114], [-75.07376899989359, 39.48479500026257], [-75.07367600000715, 39.484752000236014], [-75.0735520001586, 39.4847270000149], [-75.07344099983051, 39.48470499975736], [-75.0733830001042, 39.48467299981163], [-75.0733620001878, 39.48464999977651], [-75.07334700011918, 39.48459799972934], [-75.07334700011918, 39.484553000057176], [-75.07335399979188, 39.48453099974461], [-75.07337800008133, 39.484500999937474], [-75.07342499993699, 39.484474999863046], [-75.07352500039441, 39.48443900006395], [-75.07367099998429, 39.48439100030286], [-75.07381699957415, 39.48434599980336], [-75.07395700021456, 39.48429799997808], [-75.07398200032891, 39.48428800024142], [-75.07411399967508, 39.48423599992358], [-75.07426000016325, 39.48416600028766], [-75.07437399996607, 39.48409299988906], [-75.07442199964666, 39.484041000118786], [-75.07443599989035, 39.48401700010498], [-75.0744529996088, 39.483990000079594], [-75.0744740004235, 39.483938000232264], [-75.07449199996685, 39.483875999856856], [-75.0745020000126, 39.48381499989199], [-75.07449399961668, 39.48374300028518], [-75.07448299974601, 39.48369100025316], [-75.0744400000883, 39.48365200003035], [-75.07432100026263, 39.48358900031744], [-75.07415300003314, 39.483528999877535], [-75.07409100010885, 39.48349600030685], [-75.07403400020746, 39.48345199969937], [-75.07397999978078, 39.48338299974642], [-75.07396499971216, 39.48333799998136], [-75.07396100041252, 39.48329399996725], [-75.0739680000852, 39.48325800025015], [-75.07400300024531, 39.48320800011136], [-75.074045999903, 39.4831739999133], [-75.07409899960646, 39.4831489998182], [-75.07417399994954, 39.48312599997239], [-75.07420499991167, 39.48311300002604], [-75.07447600007332, 39.48293399987754], [-75.07456999978466, 39.482797000049175], [-75.07457300015771, 39.482692000129624], [-75.07456099956383, 39.482547999902884], [-75.0745530000662, 39.482377999906326], [-75.07455200024131, 39.4822730000475], [-75.07456499976179, 39.482232000132214], [-75.07460199957171, 39.48218100015319], [-75.07459700044716, 39.48213400001699], [-75.07471999957248, 39.482061000258824], [-75.07488000030438, 39.482065999940794], [-75.07490899971837, 39.48205199999843], [-75.07497599966553, 39.482021000016935], [-75.07528100016236, 39.4818459997281], [-75.07555999982162, 39.48176599966734], [-75.07589200008263, 39.48164400014284], [-75.07604100004555, 39.48155299991492], [-75.07607700003057, 39.48151900029443], [-75.07607899968038, 39.48148299965854], [-75.07607399965752, 39.48142000006091], [-75.07607200000768, 39.48139899995122], [-75.07605000026638, 39.48136399975434], [-75.07600300041071, 39.48134199981967], [-75.07591299999903, 39.481326000114954], [-75.07585199989965, 39.481312000023635], [-75.07582000011263, 39.481296000312014], [-75.07578400012761, 39.481260000254004], [-75.07577599973169, 39.48119599995086], [-75.07578999997538, 39.48115199996828], [-75.07581099989179, 39.48109300001103], [-75.0758610001205, 39.48103199968528], [-75.0758820000369, 39.48098500015935], [-75.0758960002806, 39.48092699987443], [-75.07590600032634, 39.48083500027971], [-75.0758960002806, 39.48072399988318], [-75.07587000034133, 39.48060199991761], [-75.07583299963309, 39.48045299972626], [-75.07577800027983, 39.48028899978875], [-75.07574499976954, 39.480202999683904], [-75.07572999970093, 39.480122999813375], [-75.07573999974667, 39.480055999677695], [-75.0757480001426, 39.479998000004834], [-75.07575499981529, 39.47994299976828], [-75.07575499981529, 39.479889999839564], [-75.07574300011972, 39.47982599966254], [-75.07573600044702, 39.479770999983344], [-75.07574999979241, 39.47972400029868], [-75.0757849999525, 39.47960699982451], [-75.07583400035632, 39.47948700034271], [-75.07591100034921, 39.479308999713155], [-75.07595300018201, 39.479225999992295], [-75.07598900016701, 39.47919000024963], [-75.07602099995407, 39.47916999999937], [-75.07607100018278, 39.47916199989763], [-75.07612499971114, 39.47915899968589], [-75.07617099974189, 39.479166999787985], [-75.07621699977264, 39.47918700003911], [-75.07623199984126, 39.47919699981583], [-75.07628999956759, 39.47923499992505], [-75.07634399999425, 39.47927100033774], [-75.07639099984992, 39.4792930002341], [-75.07643000020799, 39.47929599974672], [-75.07646199999505, 39.47928199994013], [-75.07648299991143, 39.47926499992355], [-75.07651200022376, 39.47923400008663], [-75.07653300014015, 39.47916999999937], [-75.07655999990432, 39.47906799967354], [-75.07658500001868, 39.47895399970333], [-75.07659199969137, 39.478908999846176], [-75.07668799995085, 39.47876599995264], [-75.07684100011171, 39.47872599989587], [-75.07689399981517, 39.478731999663175], [-75.07690999970869, 39.478735999738866], [-75.07697099980805, 39.478760000188274], [-75.07702500023473, 39.478798999687484], [-75.07708299996106, 39.47884299977182], [-75.0771299998167, 39.478862000272386], [-75.07719799958878, 39.47886999971525], [-75.07723399957379, 39.4788670001843], [-75.0772550003885, 39.47885099991026], [-75.07728299997758, 39.47882800002984], [-75.07731499976464, 39.47878700016393], [-75.07733300020631, 39.478735999738866], [-75.07734300025206, 39.478677999658686], [-75.07734099970392, 39.47864499986644], [-75.0773390000541, 39.478606000280884], [-75.07732800018343, 39.47855300002681], [-75.0772699995588, 39.47847099994657], [-75.07718699971812, 39.4783789998768], [-75.07713200036486, 39.478321000192345], [-75.07708200013614, 39.478243999795325], [-75.07702699988454, 39.47814999971738], [-75.07696499996028, 39.478012000316994], [-75.07694800024184, 39.4779419999638], [-75.07693300017323, 39.47785599973061], [-75.07692899997527, 39.47780400015075], [-75.07693300017323, 39.47776199982168], [-75.07694999989165, 39.477715000166334], [-75.07698199967871, 39.477676000059354], [-75.07705299982382, 39.4776200002053], [-75.07710300005253, 39.477600000197], [-75.07713700038772, 39.477591000052705], [-75.07719599993897, 39.477575000178476], [-75.07730700026704, 39.47754900028842], [-75.07740699982615, 39.477526999840414], [-75.07744199998626, 39.477504000215674], [-75.07747799997126, 39.477475999878315], [-75.07749899988765, 39.477445999801574], [-75.07751999980405, 39.477400999662244], [-75.07753400004776, 39.477346000145715], [-75.07753400004776, 39.477290000025995], [-75.07752200035219, 39.47722899983193], [-75.07749300003987, 39.4771819998164], [-75.07746200007773, 39.4771570003411], [-75.07739400030566, 39.47713200016341], [-75.07738000006198, 39.47712700012677], [-75.07727100028202, 39.47711399975254], [-75.07709899985457, 39.47713399990056], [-75.07703500028047, 39.477138000068194], [-75.07691999975442, 39.47712999973274], [-75.0768829999445, 39.47712399982726], [-75.07683600008885, 39.4771050002387], [-75.07681099997448, 39.477078000303564], [-75.07679199970791, 39.47703100018607], [-75.07678800040826, 39.476974999812754], [-75.07680199975367, 39.47691400003587], [-75.07683000024106, 39.476820000240785], [-75.07687200007385, 39.476750000074816], [-75.07694300021896, 39.47667999983845], [-75.0770369999303, 39.476604000274676], [-75.07723899959666, 39.47665899968447], [-75.07736400016844, 39.47671000024556], [-75.07740400035142, 39.4767260003187], [-75.07746000042792, 39.47673999994632], [-75.07759299959899, 39.47675099994895], [-75.07765799989633, 39.476751999823], [-75.07773999991207, 39.47676399969762], [-75.07783100014868, 39.476787000260494], [-75.07792700040814, 39.47681500018173], [-75.07795099979928, 39.47685499995066], [-75.0779590001952, 39.476887000026544], [-75.0779590001952, 39.47689700013396], [-75.07797699973854, 39.4769390002919], [-75.07802399959421, 39.476980999731076], [-75.07806899980007, 39.476994000130176], [-75.07813300027247, 39.47700599996304], [-75.07820799971722, 39.477009000267635], [-75.07825100027326, 39.47700099991741], [-75.07828800008316, 39.47698200029524], [-75.07833400011391, 39.47695399974782], [-75.07835500003031, 39.4769390002919], [-75.07838299961941, 39.47691400003587], [-75.07839600003821, 39.47690200018708], [-75.07841299975665, 39.47687699991774], [-75.07842199997746, 39.47686300031769], [-75.07842600017544, 39.47683499972237], [-75.07842299980238, 39.476805999935856], [-75.07840100006106, 39.47675600001255], [-75.07834800035762, 39.47669199972548], [-75.07827800003743, 39.476635999772675], [-75.07821899958788, 39.47660600002706], [-75.07817699975509, 39.476578999898244], [-75.07813400009739, 39.47654099972486], [-75.07810399996015, 39.47649300006012], [-75.0780789998458, 39.47645300008304], [-75.0780589997543, 39.47637300005991], [-75.07805600027957, 39.476315000089656], [-75.07806100030245, 39.476287999847884], [-75.07806299995228, 39.47626900003099], [-75.07811099963286, 39.47620200034336], [-75.07811999985367, 39.47616300008153], [-75.07812999989943, 39.47611099992955], [-75.07814099977007, 39.47605400031831], [-75.0781499999909, 39.4760000003151], [-75.07816000003663, 39.47597600030023], [-75.07817599993018, 39.475910000216565], [-75.07820799971722, 39.47584599984458], [-75.07822100013601, 39.475772999727546], [-75.07822500033397, 39.47571800031067], [-75.07820900044045, 39.475663000156906], [-75.07818199977795, 39.47561800025092], [-75.0781569996636, 39.47556100023573], [-75.07814599979295, 39.47549999991228], [-75.0781499999909, 39.47548799981962], [-75.07817900030322, 39.475459000164996], [-75.07821100009028, 39.4754229998596], [-75.07822500033397, 39.475369999953934], [-75.07822399961076, 39.47530900015643], [-75.07820900044045, 39.475237000065135], [-75.07816599988443, 39.47515400033938], [-75.07815500001378, 39.47511500018337], [-75.07815800038682, 39.47507899969997], [-75.07817799958, 39.47504700017918], [-75.07817199973222, 39.47502700012449], [-75.07821399956502, 39.474943000248096], [-75.0782689998166, 39.474850999672725], [-75.07830800017466, 39.474786999713245], [-75.078325999718, 39.474727999904324], [-75.07834199961154, 39.47463700033593], [-75.07834499998458, 39.47458499973664], [-75.07834099978662, 39.47455200008296], [-75.07841199993172, 39.47452300003815], [-75.07846700018332, 39.47451699990781], [-75.07854400017621, 39.47453000007396], [-75.07859600005473, 39.47453899992087], [-75.07865799997903, 39.47454699986088], [-75.07873699962174, 39.47455200008296], [-75.0788110001399, 39.474535000297266], [-75.07886800004131, 39.47451300028289], [-75.0789020003765, 39.47448799984842], [-75.0789240001178, 39.47445300033446], [-75.0789440002093, 39.474396000058185], [-75.0789450000342, 39.47436500013159], [-75.07894599985912, 39.47435499966019], [-75.07895099988197, 39.474304000146276], [-75.07894000001134, 39.47420699986619], [-75.07891400007206, 39.474120999869356], [-75.07886999969114, 39.47404099993812], [-75.07876199973609, 39.474035999679316], [-75.07856099989465, 39.474002999765204], [-75.07850099962019, 39.47397099974948], [-75.07830999982448, 39.47391700020963], [-75.0781840003261, 39.473846999896175], [-75.0780720001731, 39.473772999844876], [-75.07799299963207, 39.47365100016941], [-75.07797500008871, 39.473563000338906], [-75.07797900028669, 39.473461000112444], [-75.07802600014234, 39.473344000198715], [-75.0781140000059, 39.47325599997993], [-75.07834099978662, 39.473104000222314], [-75.07853800032842, 39.472949000346475], [-75.07860799975032, 39.472772000253826], [-75.07864000043568, 39.47249200021023], [-75.07868700029134, 39.472404000300564], [-75.07891499989697, 39.47230099982365], [-75.0793380003946, 39.47229099974906], [-75.07943700012879, 39.472259000332734], [-75.07997400042923, 39.47214600023918], [-75.08015000015632, 39.47207400034156], [-75.0803519998227, 39.472022999848924], [-75.08043800003641, 39.47196499971912], [-75.08046200032585, 39.47195099982402], [-75.08052699972487, 39.47190900012181], [-75.08060100024302, 39.47184400028505], [-75.080633999855, 39.47178799989691], [-75.0806499997485, 39.47173499999568], [-75.0806620003424, 39.47168100010722], [-75.08065700031952, 39.47161400016163], [-75.08062700018229, 39.471554999742125], [-75.08053400029588, 39.47148799967515], [-75.08043100036372, 39.47141799969157], [-75.08035000017287, 39.47136400025047], [-75.08029400009636, 39.47131100002631], [-75.0802820004008, 39.4712829999701], [-75.0802820004008, 39.47124800023069], [-75.08029900011924, 39.4711920000563], [-75.08033599992915, 39.47113599983682], [-75.08039000035583, 39.47108500004347], [-75.08046200032585, 39.47105300007252], [-75.0805569998621, 39.471024999912494], [-75.08063200020516, 39.47099899965469], [-75.08070599982501, 39.47097300008068], [-75.08070400017519, 39.47094499988844], [-75.08069699960419, 39.4708939999551], [-75.0806709996649, 39.4708309997819], [-75.0805920000222, 39.47078300033816], [-75.08053400029588, 39.47069900019167], [-75.08047999986921, 39.47065000000161], [-75.0804449997091, 39.47059899985209], [-75.08039899967834, 39.47053300021489], [-75.08039299983056, 39.47043300033019], [-75.08039299983056, 39.4703750002618], [-75.08052099987708, 39.47022099982183], [-75.080641000426, 39.470176999831644], [-75.08070099980215, 39.47016300027024], [-75.08073199976427, 39.47014000029117], [-75.08076000025169, 39.4701139997027], [-75.08078500036603, 39.47007300024859], [-75.08079200003874, 39.47003300004748], [-75.0807970000616, 39.47000000031502], [-75.08079500041178, 39.46991899983361], [-75.08078500036603, 39.46975400005097], [-75.08077100012234, 39.469672000000855], [-75.08076000025169, 39.46960900010808], [-75.08074299963494, 39.469583999991755], [-75.08070400017519, 39.46957000031103], [-75.08062899983211, 39.46955100004635], [-75.08055000018939, 39.469544000203], [-75.08043800003641, 39.46954700013599], [-75.08034299960185, 39.46954200024767], [-75.0802620003093, 39.46953299975429], [-75.08015900037715, 39.46951400017299], [-75.08008900005694, 39.46948800004408], [-75.08003299998046, 39.469446000242], [-75.0800010001934, 39.46940699966011], [-75.079980000277, 39.4693559999864], [-75.07996799968313, 39.469292999807514], [-75.07997799972888, 39.469237000140005], [-75.07999600017052, 39.46918299969976], [-75.08002899978248, 39.469124999976366], [-75.0800639999426, 39.46907200012706], [-75.08011499999621, 39.46900599973497], [-75.08014000011059, 39.46891600029716], [-75.08014500013344, 39.46886200030123], [-75.08013599991261, 39.46879699969833], [-75.08010599977538, 39.46871499990733], [-75.08007300016344, 39.46865699979382], [-75.0800430000262, 39.46861500018363], [-75.079980000277, 39.46856399992942], [-75.07994299956876, 39.46854100011533], [-75.07988200036772, 39.46852700022471], [-75.07976799966659, 39.46849699975621], [-75.07971199959009, 39.46846899995455], [-75.07967300013034, 39.46843600017378], [-75.07962399972654, 39.468384999788384], [-75.0796139996808, 39.468322000117325], [-75.07961700005384, 39.468283000292416], [-75.07962600027469, 39.46822699981207], [-75.07963299994736, 39.468195999910655], [-75.07967499978015, 39.468141000051595], [-75.07977000021472, 39.46806400017591], [-75.07986800012401, 39.46802200020779], [-75.08001000041425, 39.46798700021501], [-75.08028800024859, 39.46801300021134], [-75.080641000426, 39.46787300011644], [-75.08066900001509, 39.467819000004575], [-75.08066700036525, 39.467783999909635], [-75.08063600040312, 39.46772899972498], [-75.0806060002659, 39.46769100026545], [-75.08060399971775, 39.46764500005249], [-75.08060799991573, 39.46758899975219], [-75.08062499963415, 39.467556000247576], [-75.08065700031952, 39.46753100008708], [-75.08070800037315, 39.46750299989671], [-75.0808039997343, 39.46748599977564], [-75.08091300041256, 39.46750299989671], [-75.08114799969088, 39.46756800032139], [-75.08122200020905, 39.46758399972318], [-75.08125099962305, 39.467576999681945], [-75.08128400013331, 39.467555000241354], [-75.08131199972242, 39.46749399983314], [-75.08131199972242, 39.46743600008884], [-75.08131900029343, 39.467333999895295], [-75.08131900029343, 39.4672340002674], [-75.08133299963882, 39.46717100024776], [-75.08134699988251, 39.46713099976538], [-75.08137000034705, 39.46707299971859], [-75.08141899985253, 39.4669980000766], [-75.08146099968533, 39.466950000069154], [-75.08152599998266, 39.46690500007544], [-75.08157000036358, 39.46683300030233], [-75.0816280000899, 39.466658999965276], [-75.08164700035648, 39.46646300010071], [-75.0816349997626, 39.46622099991683], [-75.0815560001199, 39.46610000020278], [-75.08145599966245, 39.46594199989265], [-75.08142800007337, 39.465848999867184], [-75.08144499979181, 39.46575999984578], [-75.08152799963247, 39.46567199974379], [-75.0817050000828, 39.465547999663464], [-75.08179600031939, 39.465477999945605], [-75.0818239999085, 39.46538600003098], [-75.08176000033438, 39.465274999949514], [-75.08168699964114, 39.46521100019694], [-75.08161200019639, 39.465176000177294], [-75.08158399970898, 39.46512500017662], [-75.08156799981545, 39.46506599980287], [-75.08158899973185, 39.46502200002054], [-75.08166599972473, 39.464964000296455], [-75.08178200007569, 39.46487099965753], [-75.08187499996212, 39.46481699999014], [-75.08194299973418, 39.464779999680104], [-75.08197299987141, 39.46472900008275], [-75.0819939997878, 39.46467100011448], [-75.0819579998028, 39.464622999888945], [-75.08163200028787, 39.464622999888945], [-75.0815219997847, 39.46457999987552], [-75.08139600028632, 39.46455199988476], [-75.08130699969954, 39.464525999982335], [-75.08123499972953, 39.46450500032079], [-75.08117899965302, 39.464473000097776], [-75.08114199984311, 39.46442599978693], [-75.0811279995994, 39.464374999930165], [-75.08113299962227, 39.464316999666856], [-75.08116799978238, 39.46426799983718], [-75.08121600036127, 39.46421200028686], [-75.08151900030997, 39.46411399975167], [-75.08171699977837, 39.46403600021783], [-75.0818659997413, 39.463908999820646], [-75.08178100025079, 39.46383200011684], [-75.08123499972953, 39.46382699981789], [-75.0811350001704, 39.463784000006164], [-75.08108599976661, 39.46375599969508], [-75.08106099965225, 39.4637259999438], [-75.08104399993383, 39.4636909998709], [-75.0810299996901, 39.46365599978035], [-75.08108099974373, 39.4635369998956], [-75.08128599978315, 39.463062999850735], [-75.08131400027055, 39.46295499974888], [-75.08132599996613, 39.46289200001658], [-75.08132799961594, 39.46283999965519], [-75.08131400027055, 39.462730999825226], [-75.08125599964593, 39.462673000272446], [-75.08112099992671, 39.46264600028477], [-75.08093500015389, 39.46264600028477], [-75.08080499955922, 39.462643000054314], [-75.08074600000799, 39.4626640002777], [-75.08069699960419, 39.46267100011959], [-75.0806420002509, 39.46266699981375], [-75.08058299980135, 39.462654000205134], [-75.0805280004481, 39.462634000055694], [-75.08049499993781, 39.462611999746], [-75.08045899995281, 39.46257100003288], [-75.0804449997091, 39.462530999680546], [-75.08043200018862, 39.4624590002368], [-75.08043399983843, 39.46239800021628], [-75.08044999973198, 39.46233099965465], [-75.08047999986921, 39.462288000305726], [-75.080529000273, 39.46222800021813], [-75.08054799964125, 39.46221399975105], [-75.08068400008369, 39.46211399970121], [-75.08071300039602, 39.462099999904744], [-75.08077399959707, 39.46208800027509], [-75.08076600009946, 39.46208000028961], [-75.0807550002288, 39.46203499992092], [-75.08076600009946, 39.46199600004021], [-75.08079000038892, 39.46194100013576], [-75.080817999978, 39.461887999669706], [-75.08084300009237, 39.461824000270056], [-75.08085700033607, 39.46174899982592], [-75.08084499974218, 39.46165499965449], [-75.08081899980291, 39.46152999995292], [-75.0808039997343, 39.46140299983756], [-75.08080999958209, 39.461333000111765], [-75.0808310003968, 39.4612439998634], [-75.08085899998589, 39.46117199978182], [-75.08087599970432, 39.46110500012059], [-75.08088499992515, 39.46107499992014], [-75.08089199959785, 39.46101899988126], [-75.0808880002982, 39.46097799992329], [-75.08088199955212, 39.46096899970936], [-75.08087300022959, 39.460957999985794], [-75.08085499978793, 39.4609419997542], [-75.08081600032817, 39.46093400033062], [-75.08074799965782, 39.460931000026356], [-75.08067999988575, 39.46092600021249], [-75.08063300003008, 39.46091800009351], [-75.08057199993071, 39.46089300032257], [-75.08050400015864, 39.46085499990447], [-75.08043200018862, 39.46079399986527], [-75.08039200000565, 39.460758000294575], [-75.08034500014999, 39.46070900003985], [-75.08030900016497, 39.4606479998727], [-75.08028700042368, 39.460584000026444], [-75.0802830002257, 39.46054199970518], [-75.0802899998984, 39.46048100008524], [-75.08030699961684, 39.46043999981035], [-75.08035299964759, 39.46036999980962], [-75.08041999959474, 39.46029499987935], [-75.08050900018152, 39.46023600026584], [-75.08062700018229, 39.46019399973463], [-75.08070199962707, 39.4601689997036], [-75.08074799965782, 39.460135000035436], [-75.08079100021382, 39.460093000136865], [-75.08083700024457, 39.46004299999333], [-75.08088699957497, 39.460011999914045], [-75.08096500029109, 39.45998699981769], [-75.08107300024612, 39.459973000286915], [-75.08117299980525, 39.45996700028896], [-75.08118799987386, 39.4599679997107], [-75.08129099980603, 39.459972000171675], [-75.08142300005049, 39.459985000281215], [-75.08149800039357, 39.4600070000342], [-75.08156500034072, 39.45999299981387], [-75.08163399993768, 39.459974999823736], [-75.08174500026578, 39.45995300006058], [-75.08177100020504, 39.45993799971371], [-75.081803999817, 39.45990799970384], [-75.08182899993136, 39.459869000018436], [-75.08184900002284, 39.45980799980864], [-75.08185200039591, 39.459738999984495], [-75.08184599964979, 39.45967399987642], [-75.08181899988561, 39.45961900021777], [-75.08174400044086, 39.4595620002735], [-75.08171500012854, 39.45953099997998], [-75.08170000005994, 39.45949499975605], [-75.08171000010567, 39.459448000244834], [-75.08173500022004, 39.45940100000829], [-75.08179899979415, 39.4593199996738], [-75.0818659997413, 39.45925599999358], [-75.0819660001987, 39.459143999718016], [-75.08201499970421, 39.45909400027993], [-75.08210099991793, 39.45904099972664], [-75.08215399962138, 39.45901899966834], [-75.08221100042111, 39.45901300028173], [-75.08227900019317, 39.459025999876765], [-75.08237600027753, 39.45906200034326], [-75.08246199959295, 39.45912100025837], [-75.08251699984453, 39.459160999796204], [-75.08259499966233, 39.45918000012349], [-75.08263200037058, 39.459182999809634], [-75.08265800030983, 39.45918600018923], [-75.08268300042421, 39.45918600018923], [-75.0826979995945, 39.45918199968309], [-75.08271100001329, 39.45917699974363], [-75.08273799977748, 39.459160999796204], [-75.08276700008977, 39.45913800034218], [-75.08279899987683, 39.45910099978729], [-75.08283599968676, 39.45904900006138], [-75.08288199971753, 39.45896300005597], [-75.08295700006059, 39.458874999682365], [-75.0830290000306, 39.458811000286566], [-75.0830700000385, 39.45876700001756], [-75.08309599997776, 39.458727000253376], [-75.08311299969621, 39.458675999688296], [-75.08313100013785, 39.45861499982021], [-75.0831400003587, 39.45854899991405], [-75.0831489996812, 39.45852000013512], [-75.08316799994778, 39.45849799991214], [-75.08320599958262, 39.458475999682214], [-75.08325900018438, 39.458450999727724], [-75.08331899956052, 39.45842900017654], [-75.08336899978924, 39.45840900020015], [-75.0833939999036, 39.45839699993414], [-75.08341999984285, 39.458376999948605], [-75.08344499995721, 39.45834300009871], [-75.08347000007157, 39.45828199993875], [-75.08347900029241, 39.45818699979923], [-75.08347599991937, 39.458151000267314], [-75.08347300044461, 39.45809200022361], [-75.08347099989649, 39.45806499984603], [-75.08345800037601, 39.458014000183105], [-75.08343300026165, 39.45797699972432], [-75.08340099957628, 39.457955000023276], [-75.0833729999872, 39.457946000112045], [-75.08334399967487, 39.457924999852274], [-75.08332799978136, 39.45791099990677], [-75.08325499998642, 39.45786799990795], [-75.08323599971985, 39.457845000026694], [-75.083198000085, 39.457819999845626], [-75.08317799999354, 39.45779400020264], [-75.08316700012287, 39.457771999750165], [-75.08317799999354, 39.45774499994206], [-75.0832249998492, 39.457663000306425], [-75.08330100001717, 39.45756599971615], [-75.083338999652, 39.457529999863084], [-75.08340599959915, 39.457510000321996], [-75.08347000007157, 39.457500000202515], [-75.08351699992724, 39.45750900017141], [-75.08366599989016, 39.45754600018541], [-75.08376200014962, 39.45754600018541], [-75.08382800027186, 39.45754799979195], [-75.08382499989881, 39.45741899973663], [-75.08382499989881, 39.45740400023082], [-75.08382300024898, 39.45735400023649], [-75.08382200042409, 39.45732399980647], [-75.08382099970085, 39.45730599981968], [-75.08381499985308, 39.45727999998471], [-75.08380900000529, 39.45723799975059], [-75.08379300011175, 39.457184999864914], [-75.08375799995167, 39.45713099978276], [-75.0836969998523, 39.45707600019557], [-75.08366599989016, 39.45705499967334], [-75.08363699957783, 39.4570370003106], [-75.08355499956207, 39.456993000307435], [-75.08345699965278, 39.45694000023517], [-75.08339700027663, 39.456901000274044], [-75.0833589997435, 39.456865000077066], [-75.08331400043596, 39.45679700027079], [-75.08328900032161, 39.456720999796666], [-75.08327900027585, 39.4566479997286], [-75.08329000014652, 39.4565580002614], [-75.08334299984996, 39.45642300014884], [-75.08336200011655, 39.45633500003213], [-75.08337800001006, 39.45625999991576], [-75.08337999965988, 39.45619900001127], [-75.08336700013943, 39.45613299989517], [-75.08333199997931, 39.45607199987939], [-75.08327500007789, 39.45602399996582], [-75.08323099969697, 39.45599700017328], [-75.0831830000164, 39.4559730001948], [-75.08301899998486, 39.45593200003897], [-75.08286099980113, 39.45589600003448], [-75.08278399980823, 39.45588000002651], [-75.08273699995256, 39.45586000001142], [-75.08268599989893, 39.455822000313646], [-75.08265400011187, 39.45578799990936], [-75.08263499984531, 39.455736999965445], [-75.08262499979956, 39.455672999765355], [-75.0826340000204, 39.45560999968434], [-75.08264599971596, 39.455546000061105], [-75.08264599971596, 39.45551699972473], [-75.08263599967023, 39.45547499981415], [-75.08259800003539, 39.45540000015848], [-75.08255000035481, 39.45535599981424], [-75.08249000008036, 39.455313000317965], [-75.08241399991239, 39.45526899991874], [-75.08232299967577, 39.45523499993799], [-75.08224099966, 39.45521599992114], [-75.08212400038246, 39.45520699965579], [-75.08200399983355, 39.45520300030817], [-75.08186300026654, 39.45519900026668], [-75.0818029999921, 39.45519199967335], [-75.08174600009069, 39.45516800011097], [-75.08167300029575, 39.455125999989775], [-75.081627000265, 39.45509300012455], [-75.08157399966323, 39.455045999721925], [-75.08154199987618, 39.4550080002735], [-75.08152599998266, 39.454963999681446], [-75.0815219997847, 39.45491699988541], [-75.08152500015774, 39.45488299973275], [-75.08156199996768, 39.45480999981811], [-75.08159299992981, 39.454776000306815], [-75.08165300020426, 39.454721999743214], [-75.081703000433, 39.454670000214186], [-75.08174899956542, 39.45461600026199], [-75.08176199998421, 39.454591999807406], [-75.08177100020504, 39.454559999882015], [-75.08178000042588, 39.4545010002628], [-75.08177299985486, 39.45445299995959], [-75.08175699996134, 39.454404000121784], [-75.0817190003265, 39.45434100027958], [-75.08166499989984, 39.45427700018335], [-75.08161999969398, 39.45421199983028], [-75.08159899977758, 39.45416599972518], [-75.08158299988408, 39.45408999984679], [-75.08157899968612, 39.453995000228986], [-75.08158999955675, 39.45384599993209], [-75.08160799999843, 39.45368999995915], [-75.08163200028787, 39.45359499979552], [-75.08166300025002, 39.4534970002648], [-75.08169400021215, 39.453430999667944], [-75.08172799964903, 39.45334800028935], [-75.0817899995733, 39.45325200014089], [-75.08187599978703, 39.45314400007578], [-75.08189699970343, 39.453119999807335], [-75.08200999968133, 39.452989999654605], [-75.08210599994081, 39.452870000045145], [-75.0821620000173, 39.45282600018275], [-75.08224099966, 39.45277699989341], [-75.08231900037613, 39.452731999753034], [-75.08238799997311, 39.45268300009117], [-75.08242499978302, 39.4526390001106], [-75.08248800043054, 39.45256599992386], [-75.08250299960082, 39.45252900003757], [-75.08254199995889, 39.45237800031632], [-75.08259100036268, 39.45218599998658], [-75.08283300021203, 39.45149699965351], [-75.08315700007714, 39.45106999981239], [-75.0832049997577, 39.45084399999327], [-75.08307599988628, 39.45073800015686], [-75.08301300013709, 39.45069900018958], [-75.08293799979401, 39.45067700026947], [-75.08284599973251, 39.45065100003973], [-75.08271000018838, 39.45061500007902], [-75.08261899995178, 39.450588999826074], [-75.08254100013397, 39.450560000199495], [-75.08243700037691, 39.45051199995382], [-75.08234600014032, 39.45046300011687], [-75.08227900019317, 39.45041499980432], [-75.0822320003375, 39.45037099977779], [-75.08218100028387, 39.450313000330915], [-75.08214299975072, 39.450247000184014], [-75.08211699981145, 39.45017900015635], [-75.08211000013877, 39.45009300029156], [-75.08211900035958, 39.45003999982185], [-75.08215000032173, 39.44996600011945], [-75.08223099961427, 39.44985599998529], [-75.0823179996529, 39.449772999813185], [-75.08237700010244, 39.44971400029924], [-75.08241100043763, 39.449664999900754], [-75.0824299998059, 39.449596999998384], [-75.08244300022469, 39.449522999825184], [-75.08243999985163, 39.44945499978414], [-75.08241999976016, 39.44939200031936], [-75.08236299985874, 39.449301999795864], [-75.08230599995734, 39.44923600007796], [-75.08248199968443, 39.449177999685645], [-75.08661300043482, 39.447806999905445]]]}, "properties": {"NAME": "Vineland city", "GEOID": "3476070"}}]}